{"_id":{"$oid":"5cb28c097cd8d208e03bd365"},"tweet_id":{"$numberLong":"1100887059324157953"},"tweet_location":"United States","created_at":{"$date":{"$numberLong":"1551306903000"}}}
{"_id":{"$oid":"5cb28c0a7cd8d208e03bd366"},"tweet_id":{"$numberLong":"1100863145827069952"},"tweet_location":"Mexico","created_at":{"$date":{"$numberLong":"1551301201000"}}}
{"_id":{"$oid":"5cb28c0a7cd8d208e03bd367"},"tweet_id":{"$numberLong":"1100860558767808512"},"tweet_location":"none","created_at":{"$date":{"$numberLong":"1551300584000"}}}
{"_id":{"$oid":"5cb28c0a7cd8d208e03bd368"},"tweet_id":{"$numberLong":"1100860002154283008"},"tweet_location":"none","created_at":{"$date":{"$numberLong":"1551300452000"}}}
{"_id":{"$oid":"5cb28c0a7cd8d208e03bd369"},"tweet_id":{"$numberLong":"1100840860323848192"},"tweet_location":"Mexico","created_at":{"$date":{"$numberLong":"1551295888000"}}}
{"_id":{"$oid":"5cb28c0a7cd8d208e03bd36a"},"tweet_id":{"$numberLong":"1100825458118152192"},"tweet_location":"United Kingdom","created_at":{"$date":{"$numberLong":"1551292216000"}}}
{"_id":{"$oid":"5cb28c0b7cd8d208e03bd36b"},"tweet_id":{"$numberLong":"1100808983860969472"},"tweet_location":"Brazil","created_at":{"$date":{"$numberLong":"1551288288000"}}}
{"_id":{"$oid":"5cb28c0b7cd8d208e03bd36c"},"tweet_id":{"$numberLong":"1100773910444953605"},"tweet_location":"Mexico","created_at":{"$date":{"$numberLong":"1551279926000"}}}
{"_id":{"$oid":"5cb28c0b7cd8d208e03bd36d"},"tweet_id":{"$numberLong":"1100773417182212096"},"tweet_location":"Ecuador","created_at":{"$date":{"$numberLong":"1551279808000"}}}
{"_id":{"$oid":"5cb28c0b7cd8d208e03bd36e"},"tweet_id":{"$numberLong":"1101632710739550209"},"tweet_location":"Honduras","created_at":{"$date":{"$numberLong":"1551484680000"}}}
{"_id":{"$oid":"5cb28c0b7cd8d208e03bd36f"},"tweet_id":{"$numberLong":"1101600724482441216"},"tweet_location":"Guatemala","created_at":{"$date":{"$numberLong":"1551477054000"}}}
{"_id":{"$oid":"5cb28c0c7cd8d208e03bd370"},"tweet_id":{"$numberLong":"1101595349385445376"},"tweet_location":"none","created_at":{"$date":{"$numberLong":"1551475772000"}}}
{"_id":{"$oid":"5cb28c0c7cd8d208e03bd371"},"tweet_id":{"$numberLong":"1101591294785323009"},"tweet_location":"none","created_at":{"$date":{"$numberLong":"1551474805000"}}}
{"_id":{"$oid":"5cb28c0c7cd8d208e03bd372"},"tweet_id":{"$numberLong":"1101554092420288512"},"tweet_location":"Barbados","created_at":{"$date":{"$numberLong":"1551465936000"}}}
{"_id":{"$oid":"5cb28c0c7cd8d208e03bd373"},"tweet_id":{"$numberLong":"1101509815648571393"},"tweet_location":"Paraguay","created_at":{"$date":{"$numberLong":"1551455379000"}}}
{"_id":{"$oid":"5cb28c0d7cd8d208e03bd374"},"tweet_id":{"$numberLong":"1101496350372438018"},"tweet_location":"Argentina","created_at":{"$date":{"$numberLong":"1551452169000"}}}
{"_id":{"$oid":"5cb28c0d7cd8d208e03bd375"},"tweet_id":{"$numberLong":"1101462352359247872"},"tweet_location":"United States","created_at":{"$date":{"$numberLong":"1551444063000"}}}
{"_id":{"$oid":"5cb28c0d7cd8d208e03bd376"},"tweet_id":{"$numberLong":"1101401465044721664"},"tweet_location":"none","created_at":{"$date":{"$numberLong":"1551429546000"}}}
{"_id":{"$oid":"5cb28c0d7cd8d208e03bd377"},"tweet_id":{"$numberLong":"1101395796501643265"},"tweet_location":"none","created_at":{"$date":{"$numberLong":"1551428195000"}}}
{"_id":{"$oid":"5cb28c0d7cd8d208e03bd378"},"tweet_id":{"$numberLong":"1101392910879211520"},"tweet_location":"none","created_at":{"$date":{"$numberLong":"1551427507000"}}}
{"_id":{"$oid":"5cb28c0d7cd8d208e03bd379"},"tweet_id":{"$numberLong":"1101290460016861185"},"tweet_location":"Thailand","created_at":{"$date":{"$numberLong":"1551403081000"}}}
{"_id":{"$oid":"5cb28c0d7cd8d208e03bd37a"},"tweet_id":{"$numberLong":"1101283065526071296"},"tweet_location":"Indonesia","created_at":{"$date":{"$numberLong":"1551401318000"}}}
{"_id":{"$oid":"5cb28c0d7cd8d208e03bd37b"},"tweet_id":{"$numberLong":"1101270991525732353"},"tweet_location":"none","created_at":{"$date":{"$numberLong":"1551398439000"}}}
{"_id":{"$oid":"5cb28c0e7cd8d208e03bd37c"},"tweet_id":{"$numberLong":"1102117521489084416"},"tweet_location":"none","created_at":{"$date":{"$numberLong":"1551600268000"}}}
{"_id":{"$oid":"5cb28c0e7cd8d208e03bd37d"},"tweet_id":{"$numberLong":"1103034025009180672"},"tweet_location":"none","created_at":{"$date":{"$numberLong":"1551818779000"}}}
{"_id":{"$oid":"5cb28c0e7cd8d208e03bd37e"},"tweet_id":{"$numberLong":"1103007504806699008"},"tweet_location":"none","created_at":{"$date":{"$numberLong":"1551812456000"}}}
{"_id":{"$oid":"5cb28c0e7cd8d208e03bd37f"},"tweet_id":{"$numberLong":"1103004986475188226"},"tweet_location":"none","created_at":{"$date":{"$numberLong":"1551811856000"}}}
{"_id":{"$oid":"5cb28c0e7cd8d208e03bd380"},"tweet_id":{"$numberLong":"1102992585222733825"},"tweet_location":"Argentina","created_at":{"$date":{"$numberLong":"1551808899000"}}}
{"_id":{"$oid":"5cb28c0e7cd8d208e03bd381"},"tweet_id":{"$numberLong":"1102992171244888067"},"tweet_location":"Argentina","created_at":{"$date":{"$numberLong":"1551808800000"}}}
{"_id":{"$oid":"5cb28c0e7cd8d208e03bd382"},"tweet_id":{"$numberLong":"1102983275801391105"},"tweet_location":"none","created_at":{"$date":{"$numberLong":"1551806680000"}}}
{"_id":{"$oid":"5cb28c0f7cd8d208e03bd383"},"tweet_id":{"$numberLong":"1102969662394888193"},"tweet_location":"none","created_at":{"$date":{"$numberLong":"1551803434000"}}}
{"_id":{"$oid":"5cb28c0f7cd8d208e03bd384"},"tweet_id":{"$numberLong":"1102962465808310272"},"tweet_location":"United States","created_at":{"$date":{"$numberLong":"1551801718000"}}}
{"_id":{"$oid":"5cb28c0f7cd8d208e03bd385"},"tweet_id":{"$numberLong":"1102914888060624896"},"tweet_location":"Venezuela","created_at":{"$date":{"$numberLong":"1551790375000"}}}
{"_id":{"$oid":"5cb28c0f7cd8d208e03bd386"},"tweet_id":{"$numberLong":"1102901171256209408"},"tweet_location":"United States","created_at":{"$date":{"$numberLong":"1551787104000"}}}
{"_id":{"$oid":"5cb28c0f7cd8d208e03bd387"},"tweet_id":{"$numberLong":"1102725574555041792"},"tweet_location":"none","created_at":{"$date":{"$numberLong":"1551745239000"}}}
{"_id":{"$oid":"5cb28c0f7cd8d208e03bd388"},"tweet_id":{"$numberLong":"1103783489084772352"},"tweet_location":"United States","created_at":{"$date":{"$numberLong":"1551997465000"}}}
{"_id":{"$oid":"5cb28c107cd8d208e03bd389"},"tweet_id":{"$numberLong":"1103781117906337793"},"tweet_location":"none","created_at":{"$date":{"$numberLong":"1551996900000"}}}
{"_id":{"$oid":"5cb28c107cd8d208e03bd38a"},"tweet_id":{"$numberLong":"1103780484654473216"},"tweet_location":"United States","created_at":{"$date":{"$numberLong":"1551996749000"}}}
{"_id":{"$oid":"5cb28c107cd8d208e03bd38b"},"tweet_id":{"$numberLong":"1103769416553164811"},"tweet_location":"none","created_at":{"$date":{"$numberLong":"1551994110000"}}}
{"_id":{"$oid":"5cb28c107cd8d208e03bd38c"},"tweet_id":{"$numberLong":"1103767688323743744"},"tweet_location":"none","created_at":{"$date":{"$numberLong":"1551993698000"}}}
{"_id":{"$oid":"5cb28c107cd8d208e03bd38d"},"tweet_id":{"$numberLong":"1103755075858718720"},"tweet_location":"Mexico","created_at":{"$date":{"$numberLong":"1551990691000"}}}
{"_id":{"$oid":"5cb28c107cd8d208e03bd38e"},"tweet_id":{"$numberLong":"1103752896062078978"},"tweet_location":"none","created_at":{"$date":{"$numberLong":"1551990171000"}}}
{"_id":{"$oid":"5cb28c107cd8d208e03bd38f"},"tweet_id":{"$numberLong":"1103717550884560896"},"tweet_location":"Argentina","created_at":{"$date":{"$numberLong":"1551981744000"}}}
{"_id":{"$oid":"5cb28c107cd8d208e03bd390"},"tweet_id":{"$numberLong":"1103710453228888064"},"tweet_location":"none","created_at":{"$date":{"$numberLong":"1551980052000"}}}
{"_id":{"$oid":"5cb28c117cd8d208e03bd391"},"tweet_id":{"$numberLong":"1103705256440020992"},"tweet_location":"none","created_at":{"$date":{"$numberLong":"1551978813000"}}}
{"_id":{"$oid":"5cb28c117cd8d208e03bd392"},"tweet_id":{"$numberLong":"1103704405050839040"},"tweet_location":"United States","created_at":{"$date":{"$numberLong":"1551978610000"}}}
{"_id":{"$oid":"5cb28c117cd8d208e03bd393"},"tweet_id":{"$numberLong":"1103699249529741312"},"tweet_location":"United States","created_at":{"$date":{"$numberLong":"1551977381000"}}}
{"_id":{"$oid":"5cb28c117cd8d208e03bd394"},"tweet_id":{"$numberLong":"1103698481087217671"},"tweet_location":"none","created_at":{"$date":{"$numberLong":"1551977198000"}}}
{"_id":{"$oid":"5cb28c117cd8d208e03bd395"},"tweet_id":{"$numberLong":"1103695700611735553"},"tweet_location":"Brazil","created_at":{"$date":{"$numberLong":"1551976535000"}}}
{"_id":{"$oid":"5cb28c117cd8d208e03bd396"},"tweet_id":{"$numberLong":"1103691826878394368"},"tweet_location":"Sweden","created_at":{"$date":{"$numberLong":"1551975611000"}}}
{"_id":{"$oid":"5cb28c117cd8d208e03bd397"},"tweet_id":{"$numberLong":"1103687419096850432"},"tweet_location":"none","created_at":{"$date":{"$numberLong":"1551974560000"}}}
{"_id":{"$oid":"5cb28c127cd8d208e03bd398"},"tweet_id":{"$numberLong":"1103686647093305346"},"tweet_location":"none","created_at":{"$date":{"$numberLong":"1551974376000"}}}
{"_id":{"$oid":"5cb28c127cd8d208e03bd399"},"tweet_id":{"$numberLong":"1103681189154615297"},"tweet_location":"Germany","created_at":{"$date":{"$numberLong":"1551973075000"}}}
{"_id":{"$oid":"5cb28c127cd8d208e03bd39a"},"tweet_id":{"$numberLong":"1103676804311801858"},"tweet_location":"United States","created_at":{"$date":{"$numberLong":"1551972030000"}}}
{"_id":{"$oid":"5cb28c127cd8d208e03bd39b"},"tweet_id":{"$numberLong":"1103674041913802753"},"tweet_location":"none","created_at":{"$date":{"$numberLong":"1551971371000"}}}
{"_id":{"$oid":"5cb28c127cd8d208e03bd39c"},"tweet_id":{"$numberLong":"1103673056747241473"},"tweet_location":"none","created_at":{"$date":{"$numberLong":"1551971136000"}}}
{"_id":{"$oid":"5cb28c127cd8d208e03bd39d"},"tweet_id":{"$numberLong":"1103656548587524097"},"tweet_location":"United States","created_at":{"$date":{"$numberLong":"1551967200000"}}}
{"_id":{"$oid":"5cb28c137cd8d208e03bd39e"},"tweet_id":{"$numberLong":"1103627157841104897"},"tweet_location":"United States","created_at":{"$date":{"$numberLong":"1551960193000"}}}
{"_id":{"$oid":"5cb28c137cd8d208e03bd39f"},"tweet_id":{"$numberLong":"1103623314961022977"},"tweet_location":"Argentina","created_at":{"$date":{"$numberLong":"1551959277000"}}}
{"_id":{"$oid":"5cb28c137cd8d208e03bd3a0"},"tweet_id":{"$numberLong":"1103618923554058240"},"tweet_location":"none","created_at":{"$date":{"$numberLong":"1551958230000"}}}
{"_id":{"$oid":"5cb28c137cd8d208e03bd3a1"},"tweet_id":{"$numberLong":"1103598380146720769"},"tweet_location":"Germany","created_at":{"$date":{"$numberLong":"1551953332000"}}}
{"_id":{"$oid":"5cb28c137cd8d208e03bd3a2"},"tweet_id":{"$numberLong":"1103532864862408706"},"tweet_location":"United States","created_at":{"$date":{"$numberLong":"1551937712000"}}}
{"_id":{"$oid":"5cb28c137cd8d208e03bd3a3"},"tweet_id":{"$numberLong":"1104441834204471296"},"tweet_location":"Argentina","created_at":{"$date":{"$numberLong":"1552154427000"}}}
{"_id":{"$oid":"5cb28c137cd8d208e03bd3a4"},"tweet_id":{"$numberLong":"1104437969736421377"},"tweet_location":"United States","created_at":{"$date":{"$numberLong":"1552153506000"}}}
{"_id":{"$oid":"5cb28c147cd8d208e03bd3a5"},"tweet_id":{"$numberLong":"1104415240819826689"},"tweet_location":"none","created_at":{"$date":{"$numberLong":"1552148087000"}}}
{"_id":{"$oid":"5cb28c147cd8d208e03bd3a6"},"tweet_id":{"$numberLong":"1104404682477318145"},"tweet_location":"Brazil","created_at":{"$date":{"$numberLong":"1552145569000"}}}
{"_id":{"$oid":"5cb28c147cd8d208e03bd3a7"},"tweet_id":{"$numberLong":"1104400607794868224"},"tweet_location":"none","created_at":{"$date":{"$numberLong":"1552144598000"}}}
{"_id":{"$oid":"5cb28c147cd8d208e03bd3a8"},"tweet_id":{"$numberLong":"1104373805240209408"},"tweet_location":"United Kingdom","created_at":{"$date":{"$numberLong":"1552138208000"}}}
{"_id":{"$oid":"5cb28c147cd8d208e03bd3a9"},"tweet_id":{"$numberLong":"1104366454193950722"},"tweet_location":"Sweden","created_at":{"$date":{"$numberLong":"1552136455000"}}}
{"_id":{"$oid":"5cb28c157cd8d208e03bd3aa"},"tweet_id":{"$numberLong":"1104358108351156224"},"tweet_location":"United States","created_at":{"$date":{"$numberLong":"1552134465000"}}}
{"_id":{"$oid":"5cb28c157cd8d208e03bd3ab"},"tweet_id":{"$numberLong":"1104309478839762944"},"tweet_location":"none","created_at":{"$date":{"$numberLong":"1552122871000"}}}
{"_id":{"$oid":"5cb28c157cd8d208e03bd3ac"},"tweet_id":{"$numberLong":"1104306006996209664"},"tweet_location":"Sweden","created_at":{"$date":{"$numberLong":"1552122043000"}}}
{"_id":{"$oid":"5cb28c157cd8d208e03bd3ad"},"tweet_id":{"$numberLong":"1104300957825937409"},"tweet_location":"Brazil","created_at":{"$date":{"$numberLong":"1552120839000"}}}
{"_id":{"$oid":"5cb28c157cd8d208e03bd3ae"},"tweet_id":{"$numberLong":"1104205483005693954"},"tweet_location":"none","created_at":{"$date":{"$numberLong":"1552098076000"}}}
{"_id":{"$oid":"5cb28c157cd8d208e03bd3af"},"tweet_id":{"$numberLong":"1105205274187649024"},"tweet_location":"none","created_at":{"$date":{"$numberLong":"1552336445000"}}}
{"_id":{"$oid":"5cb28c157cd8d208e03bd3b0"},"tweet_id":{"$numberLong":"1105179072899022850"},"tweet_location":"none","created_at":{"$date":{"$numberLong":"1552330198000"}}}
{"_id":{"$oid":"5cb28c167cd8d208e03bd3b1"},"tweet_id":{"$numberLong":"1105178024260091906"},"tweet_location":"none","created_at":{"$date":{"$numberLong":"1552329948000"}}}
{"_id":{"$oid":"5cb28c167cd8d208e03bd3b2"},"tweet_id":{"$numberLong":"1105171081328029696"},"tweet_location":"Colombia","created_at":{"$date":{"$numberLong":"1552328293000"}}}
{"_id":{"$oid":"5cb28c167cd8d208e03bd3b3"},"tweet_id":{"$numberLong":"1105155782532890624"},"tweet_location":"none","created_at":{"$date":{"$numberLong":"1552324646000"}}}
{"_id":{"$oid":"5cb28c167cd8d208e03bd3b4"},"tweet_id":{"$numberLong":"1105139677709758465"},"tweet_location":"Ghana","created_at":{"$date":{"$numberLong":"1552320806000"}}}
{"_id":{"$oid":"5cb28c177cd8d208e03bd3b5"},"tweet_id":{"$numberLong":"1105125236545077255"},"tweet_location":"Argentina","created_at":{"$date":{"$numberLong":"1552317363000"}}}
{"_id":{"$oid":"5cb28c177cd8d208e03bd3b6"},"tweet_id":{"$numberLong":"1105061028830867456"},"tweet_location":"United Kingdom","created_at":{"$date":{"$numberLong":"1552302054000"}}}
{"_id":{"$oid":"5cb28c177cd8d208e03bd3b7"},"tweet_id":{"$numberLong":"1104991639565750272"},"tweet_location":"United States","created_at":{"$date":{"$numberLong":"1552285511000"}}}
{"_id":{"$oid":"5cb28c177cd8d208e03bd3b8"},"tweet_id":{"$numberLong":"1105966888369250304"},"tweet_location":"none","created_at":{"$date":{"$numberLong":"1552518028000"}}}
{"_id":{"$oid":"5cb28c177cd8d208e03bd3b9"},"tweet_id":{"$numberLong":"1105921475213701123"},"tweet_location":"none","created_at":{"$date":{"$numberLong":"1552507201000"}}}
{"_id":{"$oid":"5cb28c177cd8d208e03bd3ba"},"tweet_id":{"$numberLong":"1105885221935857664"},"tweet_location":"Mexico","created_at":{"$date":{"$numberLong":"1552498557000"}}}
{"_id":{"$oid":"5cb28c177cd8d208e03bd3bb"},"tweet_id":{"$numberLong":"1105879995690508289"},"tweet_location":"Argentina","created_at":{"$date":{"$numberLong":"1552497311000"}}}
{"_id":{"$oid":"5cb28c187cd8d208e03bd3bc"},"tweet_id":{"$numberLong":"1105870878179508224"},"tweet_location":"Guatemala","created_at":{"$date":{"$numberLong":"1552495138000"}}}
{"_id":{"$oid":"5cb28c187cd8d208e03bd3bd"},"tweet_id":{"$numberLong":"1105843389331853312"},"tweet_location":"Argentina","created_at":{"$date":{"$numberLong":"1552488584000"}}}
{"_id":{"$oid":"5cb28c187cd8d208e03bd3be"},"tweet_id":{"$numberLong":"1105822573441548289"},"tweet_location":"Singapore","created_at":{"$date":{"$numberLong":"1552483621000"}}}
{"_id":{"$oid":"5cb28c187cd8d208e03bd3bf"},"tweet_id":{"$numberLong":"1105822055583416320"},"tweet_location":"Brazil","created_at":{"$date":{"$numberLong":"1552483497000"}}}
{"_id":{"$oid":"5cb28c187cd8d208e03bd3c0"},"tweet_id":{"$numberLong":"1105794305841680385"},"tweet_location":"Argentina","created_at":{"$date":{"$numberLong":"1552476881000"}}}
{"_id":{"$oid":"5cb28c197cd8d208e03bd3c1"},"tweet_id":{"$numberLong":"1105793542423756800"},"tweet_location":"United Kingdom","created_at":{"$date":{"$numberLong":"1552476699000"}}}
{"_id":{"$oid":"5cb28c197cd8d208e03bd3c2"},"tweet_id":{"$numberLong":"1105767109483790337"},"tweet_location":"United States","created_at":{"$date":{"$numberLong":"1552470397000"}}}
{"_id":{"$oid":"5cb28c197cd8d208e03bd3c3"},"tweet_id":{"$numberLong":"1105713323104964608"},"tweet_location":"United States","created_at":{"$date":{"$numberLong":"1552457574000"}}}
{"_id":{"$oid":"5cb28c197cd8d208e03bd3c4"},"tweet_id":{"$numberLong":"1106687809702846465"},"tweet_location":"none","created_at":{"$date":{"$numberLong":"1552689909000"}}}
{"_id":{"$oid":"5cb28c197cd8d208e03bd3c5"},"tweet_id":{"$numberLong":"1106645936623837184"},"tweet_location":"Honduras","created_at":{"$date":{"$numberLong":"1552679926000"}}}
{"_id":{"$oid":"5cb28c197cd8d208e03bd3c6"},"tweet_id":{"$numberLong":"1106621626949533696"},"tweet_location":"United States","created_at":{"$date":{"$numberLong":"1552674130000"}}}
{"_id":{"$oid":"5cb28c1a7cd8d208e03bd3c7"},"tweet_id":{"$numberLong":"1106618441421807618"},"tweet_location":"none","created_at":{"$date":{"$numberLong":"1552673371000"}}}
{"_id":{"$oid":"5cb28c1a7cd8d208e03bd3c8"},"tweet_id":{"$numberLong":"1106610554444173315"},"tweet_location":"none","created_at":{"$date":{"$numberLong":"1552671490000"}}}
{"_id":{"$oid":"5cb28c1a7cd8d208e03bd3c9"},"tweet_id":{"$numberLong":"1106609985289678848"},"tweet_location":"none","created_at":{"$date":{"$numberLong":"1552671354000"}}}
{"_id":{"$oid":"5cb28c1a7cd8d208e03bd3ca"},"tweet_id":{"$numberLong":"1106606672984883201"},"tweet_location":"none","created_at":{"$date":{"$numberLong":"1552670565000"}}}
{"_id":{"$oid":"5cb28c1a7cd8d208e03bd3cb"},"tweet_id":{"$numberLong":"1106587165075607553"},"tweet_location":"United States","created_at":{"$date":{"$numberLong":"1552665914000"}}}
{"_id":{"$oid":"5cb28c1b7cd8d208e03bd3cc"},"tweet_id":{"$numberLong":"1106568939797184514"},"tweet_location":"none","created_at":{"$date":{"$numberLong":"1552661568000"}}}
{"_id":{"$oid":"5cb28c1b7cd8d208e03bd3cd"},"tweet_id":{"$numberLong":"1106565810342907906"},"tweet_location":"Mexico","created_at":{"$date":{"$numberLong":"1552660822000"}}}
{"_id":{"$oid":"5cb28c1b7cd8d208e03bd3ce"},"tweet_id":{"$numberLong":"1106564012936957952"},"tweet_location":"none","created_at":{"$date":{"$numberLong":"1552660394000"}}}
{"_id":{"$oid":"5cb28c1b7cd8d208e03bd3cf"},"tweet_id":{"$numberLong":"1106558852164669441"},"tweet_location":"none","created_at":{"$date":{"$numberLong":"1552659163000"}}}
{"_id":{"$oid":"5cb28c1b7cd8d208e03bd3d0"},"tweet_id":{"$numberLong":"1106548286297702402"},"tweet_location":"United States","created_at":{"$date":{"$numberLong":"1552656644000"}}}
{"_id":{"$oid":"5cb28c1b7cd8d208e03bd3d1"},"tweet_id":{"$numberLong":"1106523672481882117"},"tweet_location":"Argentina","created_at":{"$date":{"$numberLong":"1552650776000"}}}
{"_id":{"$oid":"5cb28c1c7cd8d208e03bd3d2"},"tweet_id":{"$numberLong":"1106480266145611776"},"tweet_location":"Sweden","created_at":{"$date":{"$numberLong":"1552640427000"}}}
{"_id":{"$oid":"5cb28c1c7cd8d208e03bd3d3"},"tweet_id":{"$numberLong":"1106436741064507392"},"tweet_location":"United States","created_at":{"$date":{"$numberLong":"1552630050000"}}}
{"_id":{"$oid":"5cb28c1c7cd8d208e03bd3d4"},"tweet_id":{"$numberLong":"1107425409216536577"},"tweet_location":"none","created_at":{"$date":{"$numberLong":"1552865767000"}}}
{"_id":{"$oid":"5cb28c1c7cd8d208e03bd3d5"},"tweet_id":{"$numberLong":"1107416397439791107"},"tweet_location":"Venezuela","created_at":{"$date":{"$numberLong":"1552863618000"}}}
{"_id":{"$oid":"5cb28c1c7cd8d208e03bd3d6"},"tweet_id":{"$numberLong":"1107410366064140288"},"tweet_location":"none","created_at":{"$date":{"$numberLong":"1552862180000"}}}
{"_id":{"$oid":"5cb28c1c7cd8d208e03bd3d7"},"tweet_id":{"$numberLong":"1107320442438606848"},"tweet_location":"none","created_at":{"$date":{"$numberLong":"1552840741000"}}}
{"_id":{"$oid":"5cb28c1c7cd8d208e03bd3d8"},"tweet_id":{"$numberLong":"1107317760135041024"},"tweet_location":"none","created_at":{"$date":{"$numberLong":"1552840101000"}}}
{"_id":{"$oid":"5cb28c1d7cd8d208e03bd3d9"},"tweet_id":{"$numberLong":"1107315741517365251"},"tweet_location":"none","created_at":{"$date":{"$numberLong":"1552839620000"}}}
{"_id":{"$oid":"5cb28c1d7cd8d208e03bd3da"},"tweet_id":{"$numberLong":"1107281465107202050"},"tweet_location":"none","created_at":{"$date":{"$numberLong":"1552831448000"}}}
{"_id":{"$oid":"5cb28c1d7cd8d208e03bd3db"},"tweet_id":{"$numberLong":"1107280428585627648"},"tweet_location":"none","created_at":{"$date":{"$numberLong":"1552831201000"}}}
{"_id":{"$oid":"5cb28c1d7cd8d208e03bd3dc"},"tweet_id":{"$numberLong":"1107250228590231553"},"tweet_location":"Argentina","created_at":{"$date":{"$numberLong":"1552824000000"}}}
{"_id":{"$oid":"5cb28c1d7cd8d208e03bd3dd"},"tweet_id":{"$numberLong":"1107246491838672897"},"tweet_location":"United Kingdom","created_at":{"$date":{"$numberLong":"1552823109000"}}}
{"_id":{"$oid":"5cb28c1d7cd8d208e03bd3de"},"tweet_id":{"$numberLong":"1108102365905854464"},"tweet_location":"none","created_at":{"$date":{"$numberLong":"1553027166000"}}}
{"_id":{"$oid":"5cb28c1e7cd8d208e03bd3df"},"tweet_id":{"$numberLong":"1108073185805824008"},"tweet_location":"none","created_at":{"$date":{"$numberLong":"1553020209000"}}}
{"_id":{"$oid":"5cb28c1e7cd8d208e03bd3e0"},"tweet_id":{"$numberLong":"1108066906697695233"},"tweet_location":"Ghana","created_at":{"$date":{"$numberLong":"1553018712000"}}}
{"_id":{"$oid":"5cb28c1e7cd8d208e03bd3e1"},"tweet_id":{"$numberLong":"1108061285638389761"},"tweet_location":"none","created_at":{"$date":{"$numberLong":"1553017371000"}}}
{"_id":{"$oid":"5cb28c1e7cd8d208e03bd3e2"},"tweet_id":{"$numberLong":"1108027922152075265"},"tweet_location":"Venezuela","created_at":{"$date":{"$numberLong":"1553009417000"}}}
{"_id":{"$oid":"5cb28c1e7cd8d208e03bd3e3"},"tweet_id":{"$numberLong":"1108021396104536065"},"tweet_location":"none","created_at":{"$date":{"$numberLong":"1553007861000"}}}
{"_id":{"$oid":"5cb28c1e7cd8d208e03bd3e4"},"tweet_id":{"$numberLong":"1108008140182876161"},"tweet_location":"United States","created_at":{"$date":{"$numberLong":"1553004701000"}}}
{"_id":{"$oid":"5cb28c1f7cd8d208e03bd3e5"},"tweet_id":{"$numberLong":"1107973107095080960"},"tweet_location":"Brazil","created_at":{"$date":{"$numberLong":"1552996348000"}}}
{"_id":{"$oid":"5cb28c1f7cd8d208e03bd3e6"},"tweet_id":{"$numberLong":"1107956440038326272"},"tweet_location":"none","created_at":{"$date":{"$numberLong":"1552992374000"}}}
{"_id":{"$oid":"5cb28c1f7cd8d208e03bd3e7"},"tweet_id":{"$numberLong":"1107902072270274560"},"tweet_location":"Sweden","created_at":{"$date":{"$numberLong":"1552979412000"}}}
{"_id":{"$oid":"5cb28c1f7cd8d208e03bd3e8"},"tweet_id":{"$numberLong":"1107891037396180993"},"tweet_location":"none","created_at":{"$date":{"$numberLong":"1552976781000"}}}
{"_id":{"$oid":"5cb28c1f7cd8d208e03bd3e9"},"tweet_id":{"$numberLong":"1107880919879294976"},"tweet_location":"United States","created_at":{"$date":{"$numberLong":"1552974369000"}}}
{"_id":{"$oid":"5cb28c1f7cd8d208e03bd3ea"},"tweet_id":{"$numberLong":"1107853085131468801"},"tweet_location":"United States","created_at":{"$date":{"$numberLong":"1552967733000"}}}
{"_id":{"$oid":"5cb28c207cd8d208e03bd3eb"},"tweet_id":{"$numberLong":"1108851114789793794"},"tweet_location":"United States","created_at":{"$date":{"$numberLong":"1553205681000"}}}
{"_id":{"$oid":"5cb28c207cd8d208e03bd3ec"},"tweet_id":{"$numberLong":"1108847810026373126"},"tweet_location":"Spain","created_at":{"$date":{"$numberLong":"1553204893000"}}}
{"_id":{"$oid":"5cb28c207cd8d208e03bd3ed"},"tweet_id":{"$numberLong":"1108845993255190528"},"tweet_location":"Spain","created_at":{"$date":{"$numberLong":"1553204460000"}}}
{"_id":{"$oid":"5cb28c207cd8d208e03bd3ee"},"tweet_id":{"$numberLong":"1108817766616915970"},"tweet_location":"Suriname","created_at":{"$date":{"$numberLong":"1553197731000"}}}
{"_id":{"$oid":"5cb28c207cd8d208e03bd3ef"},"tweet_id":{"$numberLong":"1108757617143410688"},"tweet_location":"none","created_at":{"$date":{"$numberLong":"1553183390000"}}}
{"_id":{"$oid":"5cb28c217cd8d208e03bd3f0"},"tweet_id":{"$numberLong":"1108754415802933248"},"tweet_location":"none","created_at":{"$date":{"$numberLong":"1553182627000"}}}
{"_id":{"$oid":"5cb28c217cd8d208e03bd3f1"},"tweet_id":{"$numberLong":"1108733185813295104"},"tweet_location":"none","created_at":{"$date":{"$numberLong":"1553177565000"}}}
{"_id":{"$oid":"5cb28c217cd8d208e03bd3f2"},"tweet_id":{"$numberLong":"1108689391730548736"},"tweet_location":"Argentina","created_at":{"$date":{"$numberLong":"1553167124000"}}}
{"_id":{"$oid":"5cb28c217cd8d208e03bd3f3"},"tweet_id":{"$numberLong":"1108667676375900165"},"tweet_location":"none","created_at":{"$date":{"$numberLong":"1553161946000"}}}
{"_id":{"$oid":"5cb28c217cd8d208e03bd3f4"},"tweet_id":{"$numberLong":"1108634999480352768"},"tweet_location":"France","created_at":{"$date":{"$numberLong":"1553154155000"}}}
{"_id":{"$oid":"5cb28c227cd8d208e03bd3f5"},"tweet_id":{"$numberLong":"1108612052220866560"},"tweet_location":"United States","created_at":{"$date":{"$numberLong":"1553148684000"}}}
{"_id":{"$oid":"5cb28c227cd8d208e03bd3f6"},"tweet_id":{"$numberLong":"1108557260148695040"},"tweet_location":"none","created_at":{"$date":{"$numberLong":"1553135621000"}}}
{"_id":{"$oid":"5cb28c227cd8d208e03bd3f7"},"tweet_id":{"$numberLong":"1108527937870053376"},"tweet_location":"Spain","created_at":{"$date":{"$numberLong":"1553128630000"}}}
{"_id":{"$oid":"5cb28c227cd8d208e03bd3f8"},"tweet_id":{"$numberLong":"1109522980776955904"},"tweet_location":"United States","created_at":{"$date":{"$numberLong":"1553365867000"}}}
{"_id":{"$oid":"5cb28c227cd8d208e03bd3f9"},"tweet_id":{"$numberLong":"1109472106599849984"},"tweet_location":"Mexico","created_at":{"$date":{"$numberLong":"1553353737000"}}}
{"_id":{"$oid":"5cb28c227cd8d208e03bd3fa"},"tweet_id":{"$numberLong":"1109470699977093120"},"tweet_location":"Spain","created_at":{"$date":{"$numberLong":"1553353402000"}}}
{"_id":{"$oid":"5cb28c237cd8d208e03bd3fb"},"tweet_id":{"$numberLong":"1109277385545994242"},"tweet_location":"Spain","created_at":{"$date":{"$numberLong":"1553307312000"}}}
{"_id":{"$oid":"5cb28c237cd8d208e03bd3fc"},"tweet_id":{"$numberLong":"1110190247932059655"},"tweet_location":"Guatemala","created_at":{"$date":{"$numberLong":"1553524956000"}}}
{"_id":{"$oid":"5cb28c237cd8d208e03bd3fd"},"tweet_id":{"$numberLong":"1110189594350256128"},"tweet_location":"none","created_at":{"$date":{"$numberLong":"1553524800000"}}}
{"_id":{"$oid":"5cb28c237cd8d208e03bd3fe"},"tweet_id":{"$numberLong":"1110166470615580672"},"tweet_location":"none","created_at":{"$date":{"$numberLong":"1553519287000"}}}
{"_id":{"$oid":"5cb28c247cd8d208e03bd3ff"},"tweet_id":{"$numberLong":"1110164431542063104"},"tweet_location":"none","created_at":{"$date":{"$numberLong":"1553518800000"}}}
{"_id":{"$oid":"5cb28c247cd8d208e03bd400"},"tweet_id":{"$numberLong":"1110161094281031681"},"tweet_location":"none","created_at":{"$date":{"$numberLong":"1553518005000"}}}
{"_id":{"$oid":"5cb28c247cd8d208e03bd401"},"tweet_id":{"$numberLong":"1110135165391695873"},"tweet_location":"Brazil","created_at":{"$date":{"$numberLong":"1553511823000"}}}
{"_id":{"$oid":"5cb28c247cd8d208e03bd402"},"tweet_id":{"$numberLong":"1110105540682809344"},"tweet_location":"none","created_at":{"$date":{"$numberLong":"1553504760000"}}}
{"_id":{"$oid":"5cb28c247cd8d208e03bd403"},"tweet_id":{"$numberLong":"1110096239150944256"},"tweet_location":"none","created_at":{"$date":{"$numberLong":"1553502542000"}}}
{"_id":{"$oid":"5cb28c247cd8d208e03bd404"},"tweet_id":{"$numberLong":"1110096053448126465"},"tweet_location":"none","created_at":{"$date":{"$numberLong":"1553502498000"}}}
{"_id":{"$oid":"5cb28c257cd8d208e03bd405"},"tweet_id":{"$numberLong":"1110033566099038208"},"tweet_location":"none","created_at":{"$date":{"$numberLong":"1553487600000"}}}
{"_id":{"$oid":"5cb28c257cd8d208e03bd406"},"tweet_id":{"$numberLong":"1110000623120986112"},"tweet_location":"none","created_at":{"$date":{"$numberLong":"1553479746000"}}}
{"_id":{"$oid":"5cb28c257cd8d208e03bd407"},"tweet_id":{"$numberLong":"1109984652260003840"},"tweet_location":"Brazil","created_at":{"$date":{"$numberLong":"1553475938000"}}}
{"_id":{"$oid":"5cb28c267cd8d208e03bd408"},"tweet_id":{"$numberLong":"1111048067703365632"},"tweet_location":"Mexico","created_at":{"$date":{"$numberLong":"1553729476000"}}}
{"_id":{"$oid":"5cb28c267cd8d208e03bd409"},"tweet_id":{"$numberLong":"1111021365757468672"},"tweet_location":"none","created_at":{"$date":{"$numberLong":"1553723110000"}}}
{"_id":{"$oid":"5cb28c267cd8d208e03bd40a"},"tweet_id":{"$numberLong":"1110993729375080448"},"tweet_location":"none","created_at":{"$date":{"$numberLong":"1553716521000"}}}
{"_id":{"$oid":"5cb28c267cd8d208e03bd40b"},"tweet_id":{"$numberLong":"1110964836337438720"},"tweet_location":"Argentina","created_at":{"$date":{"$numberLong":"1553709632000"}}}
{"_id":{"$oid":"5cb28c267cd8d208e03bd40c"},"tweet_id":{"$numberLong":"1110955651956641795"},"tweet_location":"none","created_at":{"$date":{"$numberLong":"1553707442000"}}}
{"_id":{"$oid":"5cb28c267cd8d208e03bd40d"},"tweet_id":{"$numberLong":"1110902351018278912"},"tweet_location":"Brazil","created_at":{"$date":{"$numberLong":"1553694734000"}}}
{"_id":{"$oid":"5cb28c277cd8d208e03bd40e"},"tweet_id":{"$numberLong":"1110890250241339393"},"tweet_location":"none","created_at":{"$date":{"$numberLong":"1553691849000"}}}
{"_id":{"$oid":"5cb28c277cd8d208e03bd40f"},"tweet_id":{"$numberLong":"1110866638222643200"},"tweet_location":"none","created_at":{"$date":{"$numberLong":"1553686220000"}}}
{"_id":{"$oid":"5cb28c277cd8d208e03bd410"},"tweet_id":{"$numberLong":"1110857251051503616"},"tweet_location":"none","created_at":{"$date":{"$numberLong":"1553683982000"}}}
{"_id":{"$oid":"5cb28c277cd8d208e03bd411"},"tweet_id":{"$numberLong":"1110856302392156160"},"tweet_location":"none","created_at":{"$date":{"$numberLong":"1553683755000"}}}
{"_id":{"$oid":"5cb28c277cd8d208e03bd412"},"tweet_id":{"$numberLong":"1110845320047534080"},"tweet_location":"United Kingdom","created_at":{"$date":{"$numberLong":"1553681137000"}}}
{"_id":{"$oid":"5cb28c287cd8d208e03bd413"},"tweet_id":{"$numberLong":"1110812502235992064"},"tweet_location":"France","created_at":{"$date":{"$numberLong":"1553673313000"}}}
{"_id":{"$oid":"5cb28c287cd8d208e03bd414"},"tweet_id":{"$numberLong":"1110783507759017986"},"tweet_location":"United States","created_at":{"$date":{"$numberLong":"1553666400000"}}}
{"_id":{"$oid":"5cb28c287cd8d208e03bd415"},"tweet_id":{"$numberLong":"1110723587420446720"},"tweet_location":"Venezuela","created_at":{"$date":{"$numberLong":"1553652114000"}}}
{"_id":{"$oid":"5cb28c287cd8d208e03bd416"},"tweet_id":{"$numberLong":"1111723222326804482"},"tweet_location":"Spain","created_at":{"$date":{"$numberLong":"1553890445000"}}}
{"_id":{"$oid":"5cb28c297cd8d208e03bd417"},"tweet_id":{"$numberLong":"1111715940901761024"},"tweet_location":"none","created_at":{"$date":{"$numberLong":"1553888709000"}}}
{"_id":{"$oid":"5cb28c297cd8d208e03bd418"},"tweet_id":{"$numberLong":"1111706799940485120"},"tweet_location":"Colombia","created_at":{"$date":{"$numberLong":"1553886530000"}}}
{"_id":{"$oid":"5cb28c297cd8d208e03bd419"},"tweet_id":{"$numberLong":"1111693903693000704"},"tweet_location":"none","created_at":{"$date":{"$numberLong":"1553883455000"}}}
{"_id":{"$oid":"5cb28c297cd8d208e03bd41a"},"tweet_id":{"$numberLong":"1111665471722418176"},"tweet_location":"United States","created_at":{"$date":{"$numberLong":"1553876676000"}}}
{"_id":{"$oid":"5cb28c297cd8d208e03bd41b"},"tweet_id":{"$numberLong":"1111661608076541952"},"tweet_location":"Paraguay","created_at":{"$date":{"$numberLong":"1553875755000"}}}
{"_id":{"$oid":"5cb28c2a7cd8d208e03bd41c"},"tweet_id":{"$numberLong":"1111646011020271618"},"tweet_location":"United States","created_at":{"$date":{"$numberLong":"1553872037000"}}}
{"_id":{"$oid":"5cb28c2a7cd8d208e03bd41d"},"tweet_id":{"$numberLong":"1111642455932317697"},"tweet_location":"none","created_at":{"$date":{"$numberLong":"1553871189000"}}}
{"_id":{"$oid":"5cb28c2a7cd8d208e03bd41e"},"tweet_id":{"$numberLong":"1111632994312298496"},"tweet_location":"United States","created_at":{"$date":{"$numberLong":"1553868933000"}}}
{"_id":{"$oid":"5cb28c2a7cd8d208e03bd41f"},"tweet_id":{"$numberLong":"1111626080358666241"},"tweet_location":"none","created_at":{"$date":{"$numberLong":"1553867285000"}}}
{"_id":{"$oid":"5cb28c2a7cd8d208e03bd420"},"tweet_id":{"$numberLong":"1111618958426296320"},"tweet_location":"none","created_at":{"$date":{"$numberLong":"1553865587000"}}}
{"_id":{"$oid":"5cb28c2b7cd8d208e03bd421"},"tweet_id":{"$numberLong":"1111605248983031808"},"tweet_location":"Paraguay","created_at":{"$date":{"$numberLong":"1553862318000"}}}
{"_id":{"$oid":"5cb28c2b7cd8d208e03bd422"},"tweet_id":{"$numberLong":"1111601653227114496"},"tweet_location":"Argentina","created_at":{"$date":{"$numberLong":"1553861461000"}}}
{"_id":{"$oid":"5cb28c2b7cd8d208e03bd423"},"tweet_id":{"$numberLong":"1111601085469339648"},"tweet_location":"none","created_at":{"$date":{"$numberLong":"1553861325000"}}}
{"_id":{"$oid":"5cb28c2b7cd8d208e03bd424"},"tweet_id":{"$numberLong":"1111583966933536769"},"tweet_location":"Argentina","created_at":{"$date":{"$numberLong":"1553857244000"}}}
{"_id":{"$oid":"5cb28c2b7cd8d208e03bd425"},"tweet_id":{"$numberLong":"1111583478934618114"},"tweet_location":"none","created_at":{"$date":{"$numberLong":"1553857128000"}}}
{"_id":{"$oid":"5cb28c2c7cd8d208e03bd426"},"tweet_id":{"$numberLong":"1111574602973675522"},"tweet_location":"United Kingdom","created_at":{"$date":{"$numberLong":"1553855012000"}}}
{"_id":{"$oid":"5cb28c2c7cd8d208e03bd427"},"tweet_id":{"$numberLong":"1111545859861295104"},"tweet_location":"France","created_at":{"$date":{"$numberLong":"1553848159000"}}}
{"_id":{"$oid":"5cb28c2c7cd8d208e03bd428"},"tweet_id":{"$numberLong":"1111514784153960448"},"tweet_location":"none","created_at":{"$date":{"$numberLong":"1553840750000"}}}
{"_id":{"$oid":"5cb28c2c7cd8d208e03bd429"},"tweet_id":{"$numberLong":"1111508647232720898"},"tweet_location":"Philippines","created_at":{"$date":{"$numberLong":"1553839286000"}}}
{"_id":{"$oid":"5cb28c2c7cd8d208e03bd42a"},"tweet_id":{"$numberLong":"1111501130293379072"},"tweet_location":"United States","created_at":{"$date":{"$numberLong":"1553837494000"}}}
{"_id":{"$oid":"5cb28c2c7cd8d208e03bd42b"},"tweet_id":{"$numberLong":"1111447886850449408"},"tweet_location":"none","created_at":{"$date":{"$numberLong":"1553824800000"}}}
{"_id":{"$oid":"5cb28c2c7cd8d208e03bd42c"},"tweet_id":{"$numberLong":"1112465418902536193"},"tweet_location":"none","created_at":{"$date":{"$numberLong":"1554067399000"}}}
{"_id":{"$oid":"5cb28c2d7cd8d208e03bd42d"},"tweet_id":{"$numberLong":"1112429353428832265"},"tweet_location":"Mexico","created_at":{"$date":{"$numberLong":"1554058800000"}}}
{"_id":{"$oid":"5cb28c2d7cd8d208e03bd42e"},"tweet_id":{"$numberLong":"1112364110702878722"},"tweet_location":"none","created_at":{"$date":{"$numberLong":"1554043245000"}}}
{"_id":{"$oid":"5cb28c2d7cd8d208e03bd42f"},"tweet_id":{"$numberLong":"1112321042385682433"},"tweet_location":"United States","created_at":{"$date":{"$numberLong":"1554032977000"}}}
{"_id":{"$oid":"5cb28c2d7cd8d208e03bd430"},"tweet_id":{"$numberLong":"1112306963319152641"},"tweet_location":"none","created_at":{"$date":{"$numberLong":"1554029620000"}}}
{"_id":{"$oid":"5cb28c2e7cd8d208e03bd431"},"tweet_id":{"$numberLong":"1112306953949110272"},"tweet_location":"none","created_at":{"$date":{"$numberLong":"1554029618000"}}}
{"_id":{"$oid":"5cb28c2e7cd8d208e03bd432"},"tweet_id":{"$numberLong":"1112281789106667520"},"tweet_location":"none","created_at":{"$date":{"$numberLong":"1554023618000"}}}
{"_id":{"$oid":"5cb28c2e7cd8d208e03bd433"},"tweet_id":{"$numberLong":"1112241428229488640"},"tweet_location":"France","created_at":{"$date":{"$numberLong":"1554013995000"}}}
{"_id":{"$oid":"5cb28c2e7cd8d208e03bd434"},"tweet_id":{"$numberLong":"1112189822100271105"},"tweet_location":"none","created_at":{"$date":{"$numberLong":"1554001691000"}}}
{"_id":{"$oid":"5cb28c2e7cd8d208e03bd435"},"tweet_id":{"$numberLong":"1113197874899292161"},"tweet_location":"none","created_at":{"$date":{"$numberLong":"1554242030000"}}}
{"_id":{"$oid":"5cb28c2e7cd8d208e03bd436"},"tweet_id":{"$numberLong":"1113193393352523778"},"tweet_location":"none","created_at":{"$date":{"$numberLong":"1554240961000"}}}
{"_id":{"$oid":"5cb28c2e7cd8d208e03bd437"},"tweet_id":{"$numberLong":"1113183440248147972"},"tweet_location":"none","created_at":{"$date":{"$numberLong":"1554238588000"}}}
{"_id":{"$oid":"5cb28c2f7cd8d208e03bd438"},"tweet_id":{"$numberLong":"1113180080472305664"},"tweet_location":"none","created_at":{"$date":{"$numberLong":"1554237787000"}}}
{"_id":{"$oid":"5cb28c2f7cd8d208e03bd439"},"tweet_id":{"$numberLong":"1113178132205457408"},"tweet_location":"none","created_at":{"$date":{"$numberLong":"1554237323000"}}}
{"_id":{"$oid":"5cb28c2f7cd8d208e03bd43a"},"tweet_id":{"$numberLong":"1113122164776099841"},"tweet_location":"Honduras","created_at":{"$date":{"$numberLong":"1554223979000"}}}
{"_id":{"$oid":"5cb28c2f7cd8d208e03bd43b"},"tweet_id":{"$numberLong":"1113115106412396544"},"tweet_location":"none","created_at":{"$date":{"$numberLong":"1554222296000"}}}
{"_id":{"$oid":"5cb28c2f7cd8d208e03bd43c"},"tweet_id":{"$numberLong":"1113108866810736642"},"tweet_location":"Honduras","created_at":{"$date":{"$numberLong":"1554220809000"}}}
{"_id":{"$oid":"5cb28c2f7cd8d208e03bd43d"},"tweet_id":{"$numberLong":"1113096288738971649"},"tweet_location":"United States","created_at":{"$date":{"$numberLong":"1554217810000"}}}
{"_id":{"$oid":"5cb28c307cd8d208e03bd43e"},"tweet_id":{"$numberLong":"1113071185376567297"},"tweet_location":"Brazil","created_at":{"$date":{"$numberLong":"1554211825000"}}}
{"_id":{"$oid":"5cb28c307cd8d208e03bd43f"},"tweet_id":{"$numberLong":"1113059025069891584"},"tweet_location":"Brazil","created_at":{"$date":{"$numberLong":"1554208925000"}}}
{"_id":{"$oid":"5cb28c307cd8d208e03bd440"},"tweet_id":{"$numberLong":"1113036561543684097"},"tweet_location":"none","created_at":{"$date":{"$numberLong":"1554203570000"}}}
{"_id":{"$oid":"5cb28c307cd8d208e03bd441"},"tweet_id":{"$numberLong":"1113033598670602241"},"tweet_location":"Argentina","created_at":{"$date":{"$numberLong":"1554202863000"}}}
{"_id":{"$oid":"5cb28c307cd8d208e03bd442"},"tweet_id":{"$numberLong":"1113020188658630656"},"tweet_location":"France","created_at":{"$date":{"$numberLong":"1554199666000"}}}
{"_id":{"$oid":"5cb28c307cd8d208e03bd443"},"tweet_id":{"$numberLong":"1112893962908467200"},"tweet_location":"United States","created_at":{"$date":{"$numberLong":"1554169571000"}}}
{"_id":{"$oid":"5cb28c317cd8d208e03bd444"},"tweet_id":{"$numberLong":"1112872466194554880"},"tweet_location":"Colombia","created_at":{"$date":{"$numberLong":"1554164446000"}}}
{"_id":{"$oid":"5cb28c317cd8d208e03bd445"},"tweet_id":{"$numberLong":"1113953686227697664"},"tweet_location":"none","created_at":{"$date":{"$numberLong":"1554422229000"}}}
{"_id":{"$oid":"5cb28c317cd8d208e03bd446"},"tweet_id":{"$numberLong":"1113925533379768325"},"tweet_location":"Brazil","created_at":{"$date":{"$numberLong":"1554415517000"}}}
{"_id":{"$oid":"5cb28c317cd8d208e03bd447"},"tweet_id":{"$numberLong":"1113894175928389633"},"tweet_location":"none","created_at":{"$date":{"$numberLong":"1554408041000"}}}
{"_id":{"$oid":"5cb28c317cd8d208e03bd448"},"tweet_id":{"$numberLong":"1113888262417002497"},"tweet_location":"France","created_at":{"$date":{"$numberLong":"1554406631000"}}}
{"_id":{"$oid":"5cb28c327cd8d208e03bd449"},"tweet_id":{"$numberLong":"1113886830104068098"},"tweet_location":"none","created_at":{"$date":{"$numberLong":"1554406289000"}}}
{"_id":{"$oid":"5cb28c327cd8d208e03bd44a"},"tweet_id":{"$numberLong":"1113835381382963202"},"tweet_location":"United States","created_at":{"$date":{"$numberLong":"1554394023000"}}}
{"_id":{"$oid":"5cb28c327cd8d208e03bd44b"},"tweet_id":{"$numberLong":"1113810462460739584"},"tweet_location":"Brazil","created_at":{"$date":{"$numberLong":"1554388082000"}}}
{"_id":{"$oid":"5cb28c327cd8d208e03bd44c"},"tweet_id":{"$numberLong":"1113800764718186499"},"tweet_location":"Brazil","created_at":{"$date":{"$numberLong":"1554385770000"}}}
{"_id":{"$oid":"5cb28c327cd8d208e03bd44d"},"tweet_id":{"$numberLong":"1113793221908467717"},"tweet_location":"United States","created_at":{"$date":{"$numberLong":"1554383972000"}}}
{"_id":{"$oid":"5cb28c337cd8d208e03bd44e"},"tweet_id":{"$numberLong":"1113769398878257152"},"tweet_location":"Paraguay","created_at":{"$date":{"$numberLong":"1554378292000"}}}
{"_id":{"$oid":"5cb28c337cd8d208e03bd44f"},"tweet_id":{"$numberLong":"1113765838228684800"},"tweet_location":"none","created_at":{"$date":{"$numberLong":"1554377443000"}}}
{"_id":{"$oid":"5cb28c337cd8d208e03bd450"},"tweet_id":{"$numberLong":"1113765660000182272"},"tweet_location":"none","created_at":{"$date":{"$numberLong":"1554377400000"}}}
{"_id":{"$oid":"5cb28c337cd8d208e03bd451"},"tweet_id":{"$numberLong":"1113764090747478016"},"tweet_location":"none","created_at":{"$date":{"$numberLong":"1554377026000"}}}
{"_id":{"$oid":"5cb28c337cd8d208e03bd452"},"tweet_id":{"$numberLong":"1113743232658280448"},"tweet_location":"United Kingdom","created_at":{"$date":{"$numberLong":"1554372053000"}}}
{"_id":{"$oid":"5cb28c337cd8d208e03bd453"},"tweet_id":{"$numberLong":"1113729216355479553"},"tweet_location":"France","created_at":{"$date":{"$numberLong":"1554368711000"}}}
{"_id":{"$oid":"5cb28c337cd8d208e03bd454"},"tweet_id":{"$numberLong":"1113683282691022848"},"tweet_location":"none","created_at":{"$date":{"$numberLong":"1554357760000"}}}
{"_id":{"$oid":"5cb28c347cd8d208e03bd455"},"tweet_id":{"$numberLong":"1114628179686248448"},"tweet_location":"United States","created_at":{"$date":{"$numberLong":"1554583041000"}}}
{"_id":{"$oid":"5cb28c347cd8d208e03bd456"},"tweet_id":{"$numberLong":"1114618344114515969"},"tweet_location":"none","created_at":{"$date":{"$numberLong":"1554580696000"}}}
{"_id":{"$oid":"5cb28c347cd8d208e03bd457"},"tweet_id":{"$numberLong":"1114615020598517760"},"tweet_location":"none","created_at":{"$date":{"$numberLong":"1554579904000"}}}
{"_id":{"$oid":"5cb28c347cd8d208e03bd458"},"tweet_id":{"$numberLong":"1114610199074152449"},"tweet_location":"none","created_at":{"$date":{"$numberLong":"1554578754000"}}}
{"_id":{"$oid":"5cb28c347cd8d208e03bd459"},"tweet_id":{"$numberLong":"1114603683310788610"},"tweet_location":"Mexico","created_at":{"$date":{"$numberLong":"1554577201000"}}}
{"_id":{"$oid":"5cb28c347cd8d208e03bd45a"},"tweet_id":{"$numberLong":"1114574362147946503"},"tweet_location":"none","created_at":{"$date":{"$numberLong":"1554570210000"}}}
{"_id":{"$oid":"5cb28c347cd8d208e03bd45b"},"tweet_id":{"$numberLong":"1114561104133480449"},"tweet_location":"United States","created_at":{"$date":{"$numberLong":"1554567049000"}}}
{"_id":{"$oid":"5cb28c347cd8d208e03bd45c"},"tweet_id":{"$numberLong":"1114535755811053568"},"tweet_location":"none","created_at":{"$date":{"$numberLong":"1554561005000"}}}
{"_id":{"$oid":"5cb28c347cd8d208e03bd45d"},"tweet_id":{"$numberLong":"1114513362182971392"},"tweet_location":"none","created_at":{"$date":{"$numberLong":"1554555666000"}}}
{"_id":{"$oid":"5cb28c357cd8d208e03bd45e"},"tweet_id":{"$numberLong":"1114509844072017920"},"tweet_location":"United States","created_at":{"$date":{"$numberLong":"1554554828000"}}}
{"_id":{"$oid":"5cb28c357cd8d208e03bd45f"},"tweet_id":{"$numberLong":"1114483875667828742"},"tweet_location":"none","created_at":{"$date":{"$numberLong":"1554548636000"}}}
{"_id":{"$oid":"5cb28c357cd8d208e03bd460"},"tweet_id":{"$numberLong":"1114456473025875969"},"tweet_location":"none","created_at":{"$date":{"$numberLong":"1554542103000"}}}
{"_id":{"$oid":"5cb28c357cd8d208e03bd461"},"tweet_id":{"$numberLong":"1114425707231367168"},"tweet_location":"none","created_at":{"$date":{"$numberLong":"1554534768000"}}}
{"_id":{"$oid":"5cb28c357cd8d208e03bd462"},"tweet_id":{"$numberLong":"1114425703372611584"},"tweet_location":"none","created_at":{"$date":{"$numberLong":"1554534767000"}}}
{"_id":{"$oid":"5cb28c357cd8d208e03bd463"},"tweet_id":{"$numberLong":"1114425701749395456"},"tweet_location":"none","created_at":{"$date":{"$numberLong":"1554534766000"}}}
{"_id":{"$oid":"5cb28c357cd8d208e03bd464"},"tweet_id":{"$numberLong":"1114425254246604800"},"tweet_location":"none","created_at":{"$date":{"$numberLong":"1554534660000"}}}
{"_id":{"$oid":"5cb28c357cd8d208e03bd465"},"tweet_id":{"$numberLong":"1114423141797908480"},"tweet_location":"Brazil","created_at":{"$date":{"$numberLong":"1554534156000"}}}
{"_id":{"$oid":"5cb28c367cd8d208e03bd466"},"tweet_id":{"$numberLong":"1114415914160549888"},"tweet_location":"none","created_at":{"$date":{"$numberLong":"1554532433000"}}}
{"_id":{"$oid":"5cb28c367cd8d208e03bd467"},"tweet_id":{"$numberLong":"1114371466206896128"},"tweet_location":"none","created_at":{"$date":{"$numberLong":"1554521836000"}}}
{"_id":{"$oid":"5cb28c367cd8d208e03bd468"},"tweet_id":{"$numberLong":"1114358352472154112"},"tweet_location":"Mexico","created_at":{"$date":{"$numberLong":"1554518709000"}}}
{"_id":{"$oid":"5cb28c367cd8d208e03bd469"},"tweet_id":{"$numberLong":"1114339766424698880"},"tweet_location":"Spain","created_at":{"$date":{"$numberLong":"1554514278000"}}}
{"_id":{"$oid":"5cb28c367cd8d208e03bd46a"},"tweet_id":{"$numberLong":"1114336654649700354"},"tweet_location":"Spain","created_at":{"$date":{"$numberLong":"1554513536000"}}}
{"_id":{"$oid":"5cb28c367cd8d208e03bd46b"},"tweet_id":{"$numberLong":"1114334797365743621"},"tweet_location":"Spain","created_at":{"$date":{"$numberLong":"1554513093000"}}}
{"_id":{"$oid":"5cb28c367cd8d208e03bd46c"},"tweet_id":{"$numberLong":"1115399250236575745"},"tweet_location":"none","created_at":{"$date":{"$numberLong":"1554766879000"}}}
{"_id":{"$oid":"5cb28c377cd8d208e03bd46d"},"tweet_id":{"$numberLong":"1115387617623724032"},"tweet_location":"none","created_at":{"$date":{"$numberLong":"1554764105000"}}}
{"_id":{"$oid":"5cb28c377cd8d208e03bd46e"},"tweet_id":{"$numberLong":"1115366485088776197"},"tweet_location":"Mexico","created_at":{"$date":{"$numberLong":"1554759067000"}}}
{"_id":{"$oid":"5cb28c377cd8d208e03bd46f"},"tweet_id":{"$numberLong":"1115359840967233537"},"tweet_location":"United States","created_at":{"$date":{"$numberLong":"1554757483000"}}}
{"_id":{"$oid":"5cb28c377cd8d208e03bd470"},"tweet_id":{"$numberLong":"1115358764780146690"},"tweet_location":"Mexico","created_at":{"$date":{"$numberLong":"1554757226000"}}}
{"_id":{"$oid":"5cb28c377cd8d208e03bd471"},"tweet_id":{"$numberLong":"1115353856836165632"},"tweet_location":"none","created_at":{"$date":{"$numberLong":"1554756056000"}}}
{"_id":{"$oid":"5cb28c377cd8d208e03bd472"},"tweet_id":{"$numberLong":"1115353070244777985"},"tweet_location":"none","created_at":{"$date":{"$numberLong":"1554755868000"}}}
{"_id":{"$oid":"5cb28c387cd8d208e03bd473"},"tweet_id":{"$numberLong":"1115349346155880449"},"tweet_location":"Mexico","created_at":{"$date":{"$numberLong":"1554754980000"}}}
{"_id":{"$oid":"5cb28c387cd8d208e03bd474"},"tweet_id":{"$numberLong":"1115348231624458241"},"tweet_location":"none","created_at":{"$date":{"$numberLong":"1554754715000"}}}
{"_id":{"$oid":"5cb28c387cd8d208e03bd475"},"tweet_id":{"$numberLong":"1115345096772333568"},"tweet_location":"none","created_at":{"$date":{"$numberLong":"1554753967000"}}}
{"_id":{"$oid":"5cb28c387cd8d208e03bd476"},"tweet_id":{"$numberLong":"1115339333773484032"},"tweet_location":"Chile","created_at":{"$date":{"$numberLong":"1554752593000"}}}
{"_id":{"$oid":"5cb28c387cd8d208e03bd477"},"tweet_id":{"$numberLong":"1115337003036332032"},"tweet_location":"none","created_at":{"$date":{"$numberLong":"1554752038000"}}}
{"_id":{"$oid":"5cb28c387cd8d208e03bd478"},"tweet_id":{"$numberLong":"1115329274716803072"},"tweet_location":"none","created_at":{"$date":{"$numberLong":"1554750195000"}}}
{"_id":{"$oid":"5cb28c387cd8d208e03bd479"},"tweet_id":{"$numberLong":"1115320437884346372"},"tweet_location":"Mexico","created_at":{"$date":{"$numberLong":"1554748088000"}}}
{"_id":{"$oid":"5cb28c387cd8d208e03bd47a"},"tweet_id":{"$numberLong":"1115319191064723458"},"tweet_location":"none","created_at":{"$date":{"$numberLong":"1554747791000"}}}
{"_id":{"$oid":"5cb28c397cd8d208e03bd47b"},"tweet_id":{"$numberLong":"1115304998936563712"},"tweet_location":"none","created_at":{"$date":{"$numberLong":"1554744407000"}}}
{"_id":{"$oid":"5cb28c397cd8d208e03bd47c"},"tweet_id":{"$numberLong":"1115279629680562178"},"tweet_location":"Mexico","created_at":{"$date":{"$numberLong":"1554738359000"}}}
{"_id":{"$oid":"5cb28c397cd8d208e03bd47d"},"tweet_id":{"$numberLong":"1115273179994284032"},"tweet_location":"none","created_at":{"$date":{"$numberLong":"1554736821000"}}}
{"_id":{"$oid":"5cb28c397cd8d208e03bd47e"},"tweet_id":{"$numberLong":"1115252961955831813"},"tweet_location":"Mexico","created_at":{"$date":{"$numberLong":"1554732001000"}}}
{"_id":{"$oid":"5cb28c397cd8d208e03bd47f"},"tweet_id":{"$numberLong":"1115249202399973376"},"tweet_location":"none","created_at":{"$date":{"$numberLong":"1554731104000"}}}
{"_id":{"$oid":"5cb28c3a7cd8d208e03bd480"},"tweet_id":{"$numberLong":"1115248236116238336"},"tweet_location":"Congo","created_at":{"$date":{"$numberLong":"1554730874000"}}}
{"_id":{"$oid":"5cb28c3a7cd8d208e03bd481"},"tweet_id":{"$numberLong":"1115234263903895558"},"tweet_location":"Brazil","created_at":{"$date":{"$numberLong":"1554727543000"}}}
{"_id":{"$oid":"5cb28c3a7cd8d208e03bd482"},"tweet_id":{"$numberLong":"1115203901966385153"},"tweet_location":"none","created_at":{"$date":{"$numberLong":"1554720304000"}}}
{"_id":{"$oid":"5cb28c3b7cd8d208e03bd483"},"tweet_id":{"$numberLong":"1115199355202473985"},"tweet_location":"Mexico","created_at":{"$date":{"$numberLong":"1554719220000"}}}
{"_id":{"$oid":"5cb28c3b7cd8d208e03bd484"},"tweet_id":{"$numberLong":"1115197844846075905"},"tweet_location":"Mexico","created_at":{"$date":{"$numberLong":"1554718860000"}}}
{"_id":{"$oid":"5cb28c3b7cd8d208e03bd485"},"tweet_id":{"$numberLong":"1115195580270153729"},"tweet_location":"Mexico","created_at":{"$date":{"$numberLong":"1554718320000"}}}
{"_id":{"$oid":"5cb28c3b7cd8d208e03bd486"},"tweet_id":{"$numberLong":"1115194573389570048"},"tweet_location":"Mexico","created_at":{"$date":{"$numberLong":"1554718080000"}}}
{"_id":{"$oid":"5cb28c3b7cd8d208e03bd487"},"tweet_id":{"$numberLong":"1115158614707249152"},"tweet_location":"none","created_at":{"$date":{"$numberLong":"1554709507000"}}}
{"_id":{"$oid":"5cb28c3b7cd8d208e03bd488"},"tweet_id":{"$numberLong":"1115106412764508162"},"tweet_location":"none","created_at":{"$date":{"$numberLong":"1554697061000"}}}
{"_id":{"$oid":"5cb28c3c7cd8d208e03bd489"},"tweet_id":{"$numberLong":"1115100786667728896"},"tweet_location":"none","created_at":{"$date":{"$numberLong":"1554695719000"}}}
{"_id":{"$oid":"5cb28c3c7cd8d208e03bd48a"},"tweet_id":{"$numberLong":"1115097491777650688"},"tweet_location":"none","created_at":{"$date":{"$numberLong":"1554694934000"}}}
{"_id":{"$oid":"5cb28c3c7cd8d208e03bd48b"},"tweet_id":{"$numberLong":"1115081657361420289"},"tweet_location":"none","created_at":{"$date":{"$numberLong":"1554691158000"}}}
{"_id":{"$oid":"5cb28c3c7cd8d208e03bd48c"},"tweet_id":{"$numberLong":"1115081147015241728"},"tweet_location":"none","created_at":{"$date":{"$numberLong":"1554691037000"}}}
{"_id":{"$oid":"5cb28c3c7cd8d208e03bd48d"},"tweet_id":{"$numberLong":"1115061994485354496"},"tweet_location":"none","created_at":{"$date":{"$numberLong":"1554686470000"}}}
{"_id":{"$oid":"5cb28c3c7cd8d208e03bd48e"},"tweet_id":{"$numberLong":"1115060101574995970"},"tweet_location":"none","created_at":{"$date":{"$numberLong":"1554686019000"}}}
{"_id":{"$oid":"5cb28c3c7cd8d208e03bd48f"},"tweet_id":{"$numberLong":"1115051545106759683"},"tweet_location":"none","created_at":{"$date":{"$numberLong":"1554683979000"}}}
{"_id":{"$oid":"5cb28c3c7cd8d208e03bd490"},"tweet_id":{"$numberLong":"1116126586850275328"},"tweet_location":"none","created_at":{"$date":{"$numberLong":"1554940289000"}}}
{"_id":{"$oid":"5cb28c3c7cd8d208e03bd491"},"tweet_id":{"$numberLong":"1116124718652960768"},"tweet_location":"none","created_at":{"$date":{"$numberLong":"1554939844000"}}}
{"_id":{"$oid":"5cb28c3c7cd8d208e03bd492"},"tweet_id":{"$numberLong":"1116117707907313665"},"tweet_location":"none","created_at":{"$date":{"$numberLong":"1554938172000"}}}
{"_id":{"$oid":"5cb28c3d7cd8d208e03bd493"},"tweet_id":{"$numberLong":"1116113896467763200"},"tweet_location":"none","created_at":{"$date":{"$numberLong":"1554937263000"}}}
{"_id":{"$oid":"5cb28c3d7cd8d208e03bd494"},"tweet_id":{"$numberLong":"1116107258302046208"},"tweet_location":"Mexico","created_at":{"$date":{"$numberLong":"1554935681000"}}}
{"_id":{"$oid":"5cb28c3d7cd8d208e03bd495"},"tweet_id":{"$numberLong":"1116090283349954561"},"tweet_location":"none","created_at":{"$date":{"$numberLong":"1554931634000"}}}
{"_id":{"$oid":"5cb28c3d7cd8d208e03bd496"},"tweet_id":{"$numberLong":"1116088673471221766"},"tweet_location":"United States","created_at":{"$date":{"$numberLong":"1554931250000"}}}
{"_id":{"$oid":"5cb28c3d7cd8d208e03bd497"},"tweet_id":{"$numberLong":"1116081233338032130"},"tweet_location":"Guatemala","created_at":{"$date":{"$numberLong":"1554929476000"}}}
{"_id":{"$oid":"5cb28c3d7cd8d208e03bd498"},"tweet_id":{"$numberLong":"1116074530089447426"},"tweet_location":"none","created_at":{"$date":{"$numberLong":"1554927878000"}}}
{"_id":{"$oid":"5cb28c3e7cd8d208e03bd499"},"tweet_id":{"$numberLong":"1116074035450920961"},"tweet_location":"Guatemala","created_at":{"$date":{"$numberLong":"1554927760000"}}}
{"_id":{"$oid":"5cb28c3e7cd8d208e03bd49a"},"tweet_id":{"$numberLong":"1116072386724601856"},"tweet_location":"none","created_at":{"$date":{"$numberLong":"1554927367000"}}}
{"_id":{"$oid":"5cb28c3e7cd8d208e03bd49b"},"tweet_id":{"$numberLong":"1116029931765542914"},"tweet_location":"Paraguay","created_at":{"$date":{"$numberLong":"1554917245000"}}}
{"_id":{"$oid":"5cb28c3e7cd8d208e03bd49c"},"tweet_id":{"$numberLong":"1116022317392564224"},"tweet_location":"United States","created_at":{"$date":{"$numberLong":"1554915429000"}}}
{"_id":{"$oid":"5cb28c3e7cd8d208e03bd49d"},"tweet_id":{"$numberLong":"1116020459332620293"},"tweet_location":"none","created_at":{"$date":{"$numberLong":"1554914986000"}}}
{"_id":{"$oid":"5cb28c3f7cd8d208e03bd49e"},"tweet_id":{"$numberLong":"1116013772362211328"},"tweet_location":"United States","created_at":{"$date":{"$numberLong":"1554913392000"}}}
{"_id":{"$oid":"5cb28c3f7cd8d208e03bd49f"},"tweet_id":{"$numberLong":"1116002485976621056"},"tweet_location":"none","created_at":{"$date":{"$numberLong":"1554910701000"}}}
{"_id":{"$oid":"5cb28c3f7cd8d208e03bd4a0"},"tweet_id":{"$numberLong":"1115992751907246080"},"tweet_location":"none","created_at":{"$date":{"$numberLong":"1554908380000"}}}
{"_id":{"$oid":"5cb28c3f7cd8d208e03bd4a1"},"tweet_id":{"$numberLong":"1115946484359487488"},"tweet_location":"United States","created_at":{"$date":{"$numberLong":"1554897349000"}}}
{"_id":{"$oid":"5cb28c3f7cd8d208e03bd4a2"},"tweet_id":{"$numberLong":"1115942105896116230"},"tweet_location":"none","created_at":{"$date":{"$numberLong":"1554896305000"}}}
{"_id":{"$oid":"5cb28c3f7cd8d208e03bd4a3"},"tweet_id":{"$numberLong":"1115941777708605441"},"tweet_location":"none","created_at":{"$date":{"$numberLong":"1554896227000"}}}
{"_id":{"$oid":"5cb28c3f7cd8d208e03bd4a4"},"tweet_id":{"$numberLong":"1115932437916217344"},"tweet_location":"none","created_at":{"$date":{"$numberLong":"1554894000000"}}}
{"_id":{"$oid":"5cb28c3f7cd8d208e03bd4a5"},"tweet_id":{"$numberLong":"1115919434986721280"},"tweet_location":"none","created_at":{"$date":{"$numberLong":"1554890900000"}}}
{"_id":{"$oid":"5cb28c3f7cd8d208e03bd4a6"},"tweet_id":{"$numberLong":"1115886477785862151"},"tweet_location":"none","created_at":{"$date":{"$numberLong":"1554883043000"}}}
{"_id":{"$oid":"5cb28c407cd8d208e03bd4a7"},"tweet_id":{"$numberLong":"1115874308386115584"},"tweet_location":"none","created_at":{"$date":{"$numberLong":"1554880141000"}}}
{"_id":{"$oid":"5cb28c407cd8d208e03bd4a8"},"tweet_id":{"$numberLong":"1115873162229628928"},"tweet_location":"none","created_at":{"$date":{"$numberLong":"1554879868000"}}}
{"_id":{"$oid":"5cb28c407cd8d208e03bd4a9"},"tweet_id":{"$numberLong":"1115801482421469186"},"tweet_location":"Brazil","created_at":{"$date":{"$numberLong":"1554862778000"}}}
{"_id":{"$oid":"5cb28c407cd8d208e03bd4aa"},"tweet_id":{"$numberLong":"1115789196986322944"},"tweet_location":"Mexico","created_at":{"$date":{"$numberLong":"1554859849000"}}}
{"_id":{"$oid":"5cb28c407cd8d208e03bd4ab"},"tweet_id":{"$numberLong":"1115782195472240641"},"tweet_location":"United States","created_at":{"$date":{"$numberLong":"1554858180000"}}}
{"_id":{"$oid":"5cb28c417cd8d208e03bd4ac"},"tweet_id":{"$numberLong":"1115774084519010304"},"tweet_location":"Mexico","created_at":{"$date":{"$numberLong":"1554856246000"}}}
