{"_id":{"$oid":"5cb29e807cd8d208e03c3eee"},"tweet_id":{"$numberLong":"1100889500681732101"},"tweet_location":"Switzerland","created_at":{"$date":{"$numberLong":"1551307485000"}}}
{"_id":{"$oid":"5cb29e807cd8d208e03c3eef"},"tweet_id":{"$numberLong":"1100864945716166656"},"tweet_location":"United States","created_at":{"$date":{"$numberLong":"1551301630000"}}}
{"_id":{"$oid":"5cb29e807cd8d208e03c3ef0"},"tweet_id":{"$numberLong":"1100825422307168256"},"tweet_location":"none","created_at":{"$date":{"$numberLong":"1551292207000"}}}
{"_id":{"$oid":"5cb29e807cd8d208e03c3ef1"},"tweet_id":{"$numberLong":"1101616710166155265"},"tweet_location":"United States","created_at":{"$date":{"$numberLong":"1551480865000"}}}
{"_id":{"$oid":"5cb29e807cd8d208e03c3ef2"},"tweet_id":{"$numberLong":"1101546948803420160"},"tweet_location":"none","created_at":{"$date":{"$numberLong":"1551464233000"}}}
{"_id":{"$oid":"5cb29e807cd8d208e03c3ef3"},"tweet_id":{"$numberLong":"1101537831502184449"},"tweet_location":"none","created_at":{"$date":{"$numberLong":"1551462059000"}}}
{"_id":{"$oid":"5cb29e807cd8d208e03c3ef4"},"tweet_id":{"$numberLong":"1101535196543942656"},"tweet_location":"none","created_at":{"$date":{"$numberLong":"1551461431000"}}}
{"_id":{"$oid":"5cb29e817cd8d208e03c3ef5"},"tweet_id":{"$numberLong":"1101511021330604032"},"tweet_location":"none","created_at":{"$date":{"$numberLong":"1551455667000"}}}
{"_id":{"$oid":"5cb29e817cd8d208e03c3ef6"},"tweet_id":{"$numberLong":"1101505125816901634"},"tweet_location":"none","created_at":{"$date":{"$numberLong":"1551454261000"}}}
{"_id":{"$oid":"5cb29e817cd8d208e03c3ef7"},"tweet_id":{"$numberLong":"1101497746010374146"},"tweet_location":"none","created_at":{"$date":{"$numberLong":"1551452502000"}}}
{"_id":{"$oid":"5cb29e817cd8d208e03c3ef8"},"tweet_id":{"$numberLong":"1101494135800754176"},"tweet_location":"none","created_at":{"$date":{"$numberLong":"1551451641000"}}}
{"_id":{"$oid":"5cb29e817cd8d208e03c3ef9"},"tweet_id":{"$numberLong":"1101482286707425280"},"tweet_location":"United States","created_at":{"$date":{"$numberLong":"1551448816000"}}}
{"_id":{"$oid":"5cb29e817cd8d208e03c3efa"},"tweet_id":{"$numberLong":"1101481908435804160"},"tweet_location":"none","created_at":{"$date":{"$numberLong":"1551448726000"}}}
{"_id":{"$oid":"5cb29e827cd8d208e03c3efb"},"tweet_id":{"$numberLong":"1101481505816141824"},"tweet_location":"none","created_at":{"$date":{"$numberLong":"1551448630000"}}}
{"_id":{"$oid":"5cb29e827cd8d208e03c3efc"},"tweet_id":{"$numberLong":"1101431021076078592"},"tweet_location":"United States","created_at":{"$date":{"$numberLong":"1551436593000"}}}
{"_id":{"$oid":"5cb29e827cd8d208e03c3efd"},"tweet_id":{"$numberLong":"1101430965476315136"},"tweet_location":"United States","created_at":{"$date":{"$numberLong":"1551436580000"}}}
{"_id":{"$oid":"5cb29e827cd8d208e03c3efe"},"tweet_id":{"$numberLong":"1101430903706857472"},"tweet_location":"United States","created_at":{"$date":{"$numberLong":"1551436565000"}}}
{"_id":{"$oid":"5cb29e827cd8d208e03c3eff"},"tweet_id":{"$numberLong":"1101375887201591296"},"tweet_location":"none","created_at":{"$date":{"$numberLong":"1551423448000"}}}
{"_id":{"$oid":"5cb29e827cd8d208e03c3f00"},"tweet_id":{"$numberLong":"1101375710101299201"},"tweet_location":"none","created_at":{"$date":{"$numberLong":"1551423406000"}}}
{"_id":{"$oid":"5cb29e827cd8d208e03c3f01"},"tweet_id":{"$numberLong":"1101375575980032000"},"tweet_location":"none","created_at":{"$date":{"$numberLong":"1551423374000"}}}
{"_id":{"$oid":"5cb29e827cd8d208e03c3f02"},"tweet_id":{"$numberLong":"1101308591871586304"},"tweet_location":"United States","created_at":{"$date":{"$numberLong":"1551407404000"}}}
{"_id":{"$oid":"5cb29e837cd8d208e03c3f03"},"tweet_id":{"$numberLong":"1101272226324602880"},"tweet_location":"none","created_at":{"$date":{"$numberLong":"1551398734000"}}}
{"_id":{"$oid":"5cb29e837cd8d208e03c3f04"},"tweet_id":{"$numberLong":"1101272022997393409"},"tweet_location":"none","created_at":{"$date":{"$numberLong":"1551398685000"}}}
{"_id":{"$oid":"5cb29e837cd8d208e03c3f05"},"tweet_id":{"$numberLong":"1101271910233464832"},"tweet_location":"United States","created_at":{"$date":{"$numberLong":"1551398658000"}}}
{"_id":{"$oid":"5cb29e847cd8d208e03c3f06"},"tweet_id":{"$numberLong":"1102342677264257024"},"tweet_location":"United States","created_at":{"$date":{"$numberLong":"1551653949000"}}}
{"_id":{"$oid":"5cb29e847cd8d208e03c3f07"},"tweet_id":{"$numberLong":"1102339363868835841"},"tweet_location":"United States","created_at":{"$date":{"$numberLong":"1551653159000"}}}
{"_id":{"$oid":"5cb29e847cd8d208e03c3f08"},"tweet_id":{"$numberLong":"1102262899374985217"},"tweet_location":"none","created_at":{"$date":{"$numberLong":"1551634928000"}}}
{"_id":{"$oid":"5cb29e847cd8d208e03c3f09"},"tweet_id":{"$numberLong":"1102262896590012422"},"tweet_location":"none","created_at":{"$date":{"$numberLong":"1551634928000"}}}
{"_id":{"$oid":"5cb29e847cd8d208e03c3f0a"},"tweet_id":{"$numberLong":"1102249876677709824"},"tweet_location":"none","created_at":{"$date":{"$numberLong":"1551631824000"}}}
{"_id":{"$oid":"5cb29e847cd8d208e03c3f0b"},"tweet_id":{"$numberLong":"1102245010630692864"},"tweet_location":"none","created_at":{"$date":{"$numberLong":"1551630663000"}}}
{"_id":{"$oid":"5cb29e847cd8d208e03c3f0c"},"tweet_id":{"$numberLong":"1102216557097172993"},"tweet_location":"none","created_at":{"$date":{"$numberLong":"1551623880000"}}}
{"_id":{"$oid":"5cb29e857cd8d208e03c3f0d"},"tweet_id":{"$numberLong":"1102216214099554304"},"tweet_location":"none","created_at":{"$date":{"$numberLong":"1551623798000"}}}
{"_id":{"$oid":"5cb29e857cd8d208e03c3f0e"},"tweet_id":{"$numberLong":"1102215975313657856"},"tweet_location":"none","created_at":{"$date":{"$numberLong":"1551623741000"}}}
{"_id":{"$oid":"5cb29e857cd8d208e03c3f0f"},"tweet_id":{"$numberLong":"1102206988308570120"},"tweet_location":"Japan","created_at":{"$date":{"$numberLong":"1551621598000"}}}
{"_id":{"$oid":"5cb29e867cd8d208e03c3f10"},"tweet_id":{"$numberLong":"1102206829700907009"},"tweet_location":"Japan","created_at":{"$date":{"$numberLong":"1551621560000"}}}
{"_id":{"$oid":"5cb29e867cd8d208e03c3f11"},"tweet_id":{"$numberLong":"1102206676910800897"},"tweet_location":"Japan","created_at":{"$date":{"$numberLong":"1551621524000"}}}
{"_id":{"$oid":"5cb29e867cd8d208e03c3f12"},"tweet_id":{"$numberLong":"1102099284160241665"},"tweet_location":"Japan","created_at":{"$date":{"$numberLong":"1551595920000"}}}
{"_id":{"$oid":"5cb29e867cd8d208e03c3f13"},"tweet_id":{"$numberLong":"1102099075879452672"},"tweet_location":"Japan","created_at":{"$date":{"$numberLong":"1551595870000"}}}
{"_id":{"$oid":"5cb29e877cd8d208e03c3f14"},"tweet_id":{"$numberLong":"1102093310343041026"},"tweet_location":"none","created_at":{"$date":{"$numberLong":"1551594495000"}}}
{"_id":{"$oid":"5cb29e877cd8d208e03c3f15"},"tweet_id":{"$numberLong":"1102092643717136384"},"tweet_location":"none","created_at":{"$date":{"$numberLong":"1551594336000"}}}
{"_id":{"$oid":"5cb29e877cd8d208e03c3f16"},"tweet_id":{"$numberLong":"1102030932452802565"},"tweet_location":"none","created_at":{"$date":{"$numberLong":"1551579623000"}}}
{"_id":{"$oid":"5cb29e877cd8d208e03c3f17"},"tweet_id":{"$numberLong":"1103067113604866048"},"tweet_location":"Japan","created_at":{"$date":{"$numberLong":"1551826668000"}}}
{"_id":{"$oid":"5cb29e887cd8d208e03c3f18"},"tweet_id":{"$numberLong":"1103066984588009473"},"tweet_location":"Japan","created_at":{"$date":{"$numberLong":"1551826637000"}}}
{"_id":{"$oid":"5cb29e887cd8d208e03c3f19"},"tweet_id":{"$numberLong":"1103064054791368704"},"tweet_location":"United States","created_at":{"$date":{"$numberLong":"1551825939000"}}}
{"_id":{"$oid":"5cb29e887cd8d208e03c3f1a"},"tweet_id":{"$numberLong":"1103039634592931850"},"tweet_location":"France","created_at":{"$date":{"$numberLong":"1551820117000"}}}
{"_id":{"$oid":"5cb29e887cd8d208e03c3f1b"},"tweet_id":{"$numberLong":"1103037610119909379"},"tweet_location":"United States","created_at":{"$date":{"$numberLong":"1551819634000"}}}
{"_id":{"$oid":"5cb29e887cd8d208e03c3f1c"},"tweet_id":{"$numberLong":"1103033080137293826"},"tweet_location":"none","created_at":{"$date":{"$numberLong":"1551818554000"}}}
{"_id":{"$oid":"5cb29e887cd8d208e03c3f1d"},"tweet_id":{"$numberLong":"1103021301294383109"},"tweet_location":"United States","created_at":{"$date":{"$numberLong":"1551815746000"}}}
{"_id":{"$oid":"5cb29e897cd8d208e03c3f1e"},"tweet_id":{"$numberLong":"1102985396793815041"},"tweet_location":"none","created_at":{"$date":{"$numberLong":"1551807185000"}}}
{"_id":{"$oid":"5cb29e897cd8d208e03c3f1f"},"tweet_id":{"$numberLong":"1102985393086099456"},"tweet_location":"none","created_at":{"$date":{"$numberLong":"1551807184000"}}}
{"_id":{"$oid":"5cb29e897cd8d208e03c3f20"},"tweet_id":{"$numberLong":"1102981036747702272"},"tweet_location":"France","created_at":{"$date":{"$numberLong":"1551806146000"}}}
{"_id":{"$oid":"5cb29e897cd8d208e03c3f21"},"tweet_id":{"$numberLong":"1102979910212243456"},"tweet_location":"France","created_at":{"$date":{"$numberLong":"1551805877000"}}}
{"_id":{"$oid":"5cb29e897cd8d208e03c3f22"},"tweet_id":{"$numberLong":"1102970739546824705"},"tweet_location":"none","created_at":{"$date":{"$numberLong":"1551803691000"}}}
{"_id":{"$oid":"5cb29e897cd8d208e03c3f23"},"tweet_id":{"$numberLong":"1102962116024258561"},"tweet_location":"none","created_at":{"$date":{"$numberLong":"1551801635000"}}}
{"_id":{"$oid":"5cb29e897cd8d208e03c3f24"},"tweet_id":{"$numberLong":"1102934998439452674"},"tweet_location":"none","created_at":{"$date":{"$numberLong":"1551795169000"}}}
{"_id":{"$oid":"5cb29e8a7cd8d208e03c3f25"},"tweet_id":{"$numberLong":"1102934682998464512"},"tweet_location":"none","created_at":{"$date":{"$numberLong":"1551795094000"}}}
{"_id":{"$oid":"5cb29e8a7cd8d208e03c3f26"},"tweet_id":{"$numberLong":"1102933787594444801"},"tweet_location":"none","created_at":{"$date":{"$numberLong":"1551794881000"}}}
{"_id":{"$oid":"5cb29e8a7cd8d208e03c3f27"},"tweet_id":{"$numberLong":"1102929582938775552"},"tweet_location":"Japan","created_at":{"$date":{"$numberLong":"1551793878000"}}}
{"_id":{"$oid":"5cb29e8a7cd8d208e03c3f28"},"tweet_id":{"$numberLong":"1102929417695768577"},"tweet_location":"Japan","created_at":{"$date":{"$numberLong":"1551793839000"}}}
{"_id":{"$oid":"5cb29e8a7cd8d208e03c3f29"},"tweet_id":{"$numberLong":"1102916456424050689"},"tweet_location":"none","created_at":{"$date":{"$numberLong":"1551790749000"}}}
{"_id":{"$oid":"5cb29e8a7cd8d208e03c3f2a"},"tweet_id":{"$numberLong":"1102896202738253824"},"tweet_location":"France","created_at":{"$date":{"$numberLong":"1551785920000"}}}
{"_id":{"$oid":"5cb29e8b7cd8d208e03c3f2b"},"tweet_id":{"$numberLong":"1102895436405256193"},"tweet_location":"United States","created_at":{"$date":{"$numberLong":"1551785737000"}}}
{"_id":{"$oid":"5cb29e8b7cd8d208e03c3f2c"},"tweet_id":{"$numberLong":"1102890522140524544"},"tweet_location":"none","created_at":{"$date":{"$numberLong":"1551784565000"}}}
{"_id":{"$oid":"5cb29e8b7cd8d208e03c3f2d"},"tweet_id":{"$numberLong":"1102870088837849089"},"tweet_location":"none","created_at":{"$date":{"$numberLong":"1551779694000"}}}
{"_id":{"$oid":"5cb29e8b7cd8d208e03c3f2e"},"tweet_id":{"$numberLong":"1102867737410445312"},"tweet_location":"none","created_at":{"$date":{"$numberLong":"1551779133000"}}}
{"_id":{"$oid":"5cb29e8b7cd8d208e03c3f2f"},"tweet_id":{"$numberLong":"1102805433696178176"},"tweet_location":"none","created_at":{"$date":{"$numberLong":"1551764279000"}}}
{"_id":{"$oid":"5cb29e8b7cd8d208e03c3f30"},"tweet_id":{"$numberLong":"1102792226160164865"},"tweet_location":"none","created_at":{"$date":{"$numberLong":"1551761130000"}}}
{"_id":{"$oid":"5cb29e8b7cd8d208e03c3f31"},"tweet_id":{"$numberLong":"1102779669978345472"},"tweet_location":"none","created_at":{"$date":{"$numberLong":"1551758136000"}}}
{"_id":{"$oid":"5cb29e8b7cd8d208e03c3f32"},"tweet_id":{"$numberLong":"1102779465036251136"},"tweet_location":"none","created_at":{"$date":{"$numberLong":"1551758087000"}}}
{"_id":{"$oid":"5cb29e8c7cd8d208e03c3f33"},"tweet_id":{"$numberLong":"1102763486545764352"},"tweet_location":"none","created_at":{"$date":{"$numberLong":"1551754278000"}}}
{"_id":{"$oid":"5cb29e8c7cd8d208e03c3f34"},"tweet_id":{"$numberLong":"1103790270271840256"},"tweet_location":"none","created_at":{"$date":{"$numberLong":"1551999082000"}}}
{"_id":{"$oid":"5cb29e8c7cd8d208e03c3f35"},"tweet_id":{"$numberLong":"1103789550462132224"},"tweet_location":"United States","created_at":{"$date":{"$numberLong":"1551998910000"}}}
{"_id":{"$oid":"5cb29e8c7cd8d208e03c3f36"},"tweet_id":{"$numberLong":"1103789408447168512"},"tweet_location":"United States","created_at":{"$date":{"$numberLong":"1551998877000"}}}
{"_id":{"$oid":"5cb29e8c7cd8d208e03c3f37"},"tweet_id":{"$numberLong":"1103789238166798337"},"tweet_location":"none","created_at":{"$date":{"$numberLong":"1551998836000"}}}
{"_id":{"$oid":"5cb29e8d7cd8d208e03c3f38"},"tweet_id":{"$numberLong":"1103787111826767873"},"tweet_location":"United States","created_at":{"$date":{"$numberLong":"1551998329000"}}}
{"_id":{"$oid":"5cb29e8d7cd8d208e03c3f39"},"tweet_id":{"$numberLong":"1103757954136883201"},"tweet_location":"none","created_at":{"$date":{"$numberLong":"1551991377000"}}}
{"_id":{"$oid":"5cb29e8d7cd8d208e03c3f3a"},"tweet_id":{"$numberLong":"1103737968068608000"},"tweet_location":"none","created_at":{"$date":{"$numberLong":"1551986612000"}}}
{"_id":{"$oid":"5cb29e8d7cd8d208e03c3f3b"},"tweet_id":{"$numberLong":"1103733212679950336"},"tweet_location":"none","created_at":{"$date":{"$numberLong":"1551985478000"}}}
{"_id":{"$oid":"5cb29e8d7cd8d208e03c3f3c"},"tweet_id":{"$numberLong":"1103690303503060993"},"tweet_location":"none","created_at":{"$date":{"$numberLong":"1551975248000"}}}
{"_id":{"$oid":"5cb29e8d7cd8d208e03c3f3d"},"tweet_id":{"$numberLong":"1103685646894415882"},"tweet_location":"none","created_at":{"$date":{"$numberLong":"1551974138000"}}}
{"_id":{"$oid":"5cb29e8d7cd8d208e03c3f3e"},"tweet_id":{"$numberLong":"1103680033728679938"},"tweet_location":"none","created_at":{"$date":{"$numberLong":"1551972800000"}}}
{"_id":{"$oid":"5cb29e8d7cd8d208e03c3f3f"},"tweet_id":{"$numberLong":"1103675757316849664"},"tweet_location":"none","created_at":{"$date":{"$numberLong":"1551971780000"}}}
{"_id":{"$oid":"5cb29e8d7cd8d208e03c3f40"},"tweet_id":{"$numberLong":"1103675185847140356"},"tweet_location":"none","created_at":{"$date":{"$numberLong":"1551971644000"}}}
{"_id":{"$oid":"5cb29e8d7cd8d208e03c3f41"},"tweet_id":{"$numberLong":"1103666088078966784"},"tweet_location":"United States","created_at":{"$date":{"$numberLong":"1551969475000"}}}
{"_id":{"$oid":"5cb29e8e7cd8d208e03c3f42"},"tweet_id":{"$numberLong":"1103647917837938688"},"tweet_location":"none","created_at":{"$date":{"$numberLong":"1551965143000"}}}
{"_id":{"$oid":"5cb29e8e7cd8d208e03c3f43"},"tweet_id":{"$numberLong":"1103647472646148096"},"tweet_location":"United States","created_at":{"$date":{"$numberLong":"1551965036000"}}}
{"_id":{"$oid":"5cb29e8e7cd8d208e03c3f44"},"tweet_id":{"$numberLong":"1103647185134972928"},"tweet_location":"United States","created_at":{"$date":{"$numberLong":"1551964968000"}}}
{"_id":{"$oid":"5cb29e8e7cd8d208e03c3f45"},"tweet_id":{"$numberLong":"1103646890745184256"},"tweet_location":"Japan","created_at":{"$date":{"$numberLong":"1551964898000"}}}
{"_id":{"$oid":"5cb29e8e7cd8d208e03c3f46"},"tweet_id":{"$numberLong":"1103646602583932929"},"tweet_location":"Japan","created_at":{"$date":{"$numberLong":"1551964829000"}}}
{"_id":{"$oid":"5cb29e8e7cd8d208e03c3f47"},"tweet_id":{"$numberLong":"1103640023591661569"},"tweet_location":"none","created_at":{"$date":{"$numberLong":"1551963260000"}}}
{"_id":{"$oid":"5cb29e8f7cd8d208e03c3f48"},"tweet_id":{"$numberLong":"1103606705940684800"},"tweet_location":"none","created_at":{"$date":{"$numberLong":"1551955317000"}}}
{"_id":{"$oid":"5cb29e8f7cd8d208e03c3f49"},"tweet_id":{"$numberLong":"1103586077388894208"},"tweet_location":"none","created_at":{"$date":{"$numberLong":"1551950399000"}}}
{"_id":{"$oid":"5cb29e8f7cd8d208e03c3f4a"},"tweet_id":{"$numberLong":"1103577198609326080"},"tweet_location":"none","created_at":{"$date":{"$numberLong":"1551948282000"}}}
{"_id":{"$oid":"5cb29e8f7cd8d208e03c3f4b"},"tweet_id":{"$numberLong":"1103570809514274816"},"tweet_location":"United States","created_at":{"$date":{"$numberLong":"1551946758000"}}}
{"_id":{"$oid":"5cb29e8f7cd8d208e03c3f4c"},"tweet_id":{"$numberLong":"1103560761425707009"},"tweet_location":"France","created_at":{"$date":{"$numberLong":"1551944363000"}}}
{"_id":{"$oid":"5cb29e8f7cd8d208e03c3f4d"},"tweet_id":{"$numberLong":"1103498337423044614"},"tweet_location":"none","created_at":{"$date":{"$numberLong":"1551929480000"}}}
{"_id":{"$oid":"5cb29e8f7cd8d208e03c3f4e"},"tweet_id":{"$numberLong":"1104428009560387584"},"tweet_location":"none","created_at":{"$date":{"$numberLong":"1552151131000"}}}
{"_id":{"$oid":"5cb29e8f7cd8d208e03c3f4f"},"tweet_id":{"$numberLong":"1104427852848680963"},"tweet_location":"United States","created_at":{"$date":{"$numberLong":"1552151094000"}}}
{"_id":{"$oid":"5cb29e907cd8d208e03c3f50"},"tweet_id":{"$numberLong":"1104422050901434368"},"tweet_location":"none","created_at":{"$date":{"$numberLong":"1552149710000"}}}
{"_id":{"$oid":"5cb29e907cd8d208e03c3f51"},"tweet_id":{"$numberLong":"1104412315959656449"},"tweet_location":"none","created_at":{"$date":{"$numberLong":"1552147389000"}}}
{"_id":{"$oid":"5cb29e907cd8d208e03c3f52"},"tweet_id":{"$numberLong":"1104374975992156160"},"tweet_location":"none","created_at":{"$date":{"$numberLong":"1552138487000"}}}
{"_id":{"$oid":"5cb29e907cd8d208e03c3f53"},"tweet_id":{"$numberLong":"1104374793556520960"},"tweet_location":"United States","created_at":{"$date":{"$numberLong":"1552138443000"}}}
{"_id":{"$oid":"5cb29e907cd8d208e03c3f54"},"tweet_id":{"$numberLong":"1104368404855701504"},"tweet_location":"none","created_at":{"$date":{"$numberLong":"1552136920000"}}}
{"_id":{"$oid":"5cb29e907cd8d208e03c3f55"},"tweet_id":{"$numberLong":"1104347860735279104"},"tweet_location":"none","created_at":{"$date":{"$numberLong":"1552132022000"}}}
{"_id":{"$oid":"5cb29e907cd8d208e03c3f56"},"tweet_id":{"$numberLong":"1104323692715216897"},"tweet_location":"France","created_at":{"$date":{"$numberLong":"1552126260000"}}}
{"_id":{"$oid":"5cb29e907cd8d208e03c3f57"},"tweet_id":{"$numberLong":"1104309478839762944"},"tweet_location":"none","created_at":{"$date":{"$numberLong":"1552122871000"}}}
{"_id":{"$oid":"5cb29e917cd8d208e03c3f58"},"tweet_id":{"$numberLong":"1104297711891734531"},"tweet_location":"none","created_at":{"$date":{"$numberLong":"1552120066000"}}}
{"_id":{"$oid":"5cb29e917cd8d208e03c3f59"},"tweet_id":{"$numberLong":"1104201653308325889"},"tweet_location":"none","created_at":{"$date":{"$numberLong":"1552097163000"}}}
{"_id":{"$oid":"5cb29e917cd8d208e03c3f5a"},"tweet_id":{"$numberLong":"1104174313383419904"},"tweet_location":"United States","created_at":{"$date":{"$numberLong":"1552090645000"}}}
{"_id":{"$oid":"5cb29e917cd8d208e03c3f5b"},"tweet_id":{"$numberLong":"1104174105576652800"},"tweet_location":"United States","created_at":{"$date":{"$numberLong":"1552090595000"}}}
{"_id":{"$oid":"5cb29e917cd8d208e03c3f5c"},"tweet_id":{"$numberLong":"1104174015176794112"},"tweet_location":"none","created_at":{"$date":{"$numberLong":"1552090574000"}}}
{"_id":{"$oid":"5cb29e917cd8d208e03c3f5d"},"tweet_id":{"$numberLong":"1105240572170723329"},"tweet_location":"none","created_at":{"$date":{"$numberLong":"1552344861000"}}}
{"_id":{"$oid":"5cb29e927cd8d208e03c3f5e"},"tweet_id":{"$numberLong":"1105240460371451904"},"tweet_location":"United States","created_at":{"$date":{"$numberLong":"1552344834000"}}}
{"_id":{"$oid":"5cb29e927cd8d208e03c3f5f"},"tweet_id":{"$numberLong":"1105240375516512257"},"tweet_location":"United States","created_at":{"$date":{"$numberLong":"1552344814000"}}}
{"_id":{"$oid":"5cb29e927cd8d208e03c3f60"},"tweet_id":{"$numberLong":"1105214889679900672"},"tweet_location":"United States","created_at":{"$date":{"$numberLong":"1552338738000"}}}
{"_id":{"$oid":"5cb29e927cd8d208e03c3f61"},"tweet_id":{"$numberLong":"1105212033350492163"},"tweet_location":"none","created_at":{"$date":{"$numberLong":"1552338057000"}}}
{"_id":{"$oid":"5cb29e927cd8d208e03c3f62"},"tweet_id":{"$numberLong":"1105177642863603712"},"tweet_location":"United States","created_at":{"$date":{"$numberLong":"1552329857000"}}}
{"_id":{"$oid":"5cb29e927cd8d208e03c3f63"},"tweet_id":{"$numberLong":"1105148772441563136"},"tweet_location":"none","created_at":{"$date":{"$numberLong":"1552322974000"}}}
{"_id":{"$oid":"5cb29e927cd8d208e03c3f64"},"tweet_id":{"$numberLong":"1105135894275809280"},"tweet_location":"none","created_at":{"$date":{"$numberLong":"1552319904000"}}}
{"_id":{"$oid":"5cb29e927cd8d208e03c3f65"},"tweet_id":{"$numberLong":"1105102683059437568"},"tweet_location":"none","created_at":{"$date":{"$numberLong":"1552311986000"}}}
{"_id":{"$oid":"5cb29e937cd8d208e03c3f66"},"tweet_id":{"$numberLong":"1105098506681761792"},"tweet_location":"United States","created_at":{"$date":{"$numberLong":"1552310990000"}}}
{"_id":{"$oid":"5cb29e937cd8d208e03c3f67"},"tweet_id":{"$numberLong":"1105098360334270465"},"tweet_location":"none","created_at":{"$date":{"$numberLong":"1552310955000"}}}
{"_id":{"$oid":"5cb29e937cd8d208e03c3f68"},"tweet_id":{"$numberLong":"1105098210664693761"},"tweet_location":"United States","created_at":{"$date":{"$numberLong":"1552310919000"}}}
{"_id":{"$oid":"5cb29e937cd8d208e03c3f69"},"tweet_id":{"$numberLong":"1105098096030048256"},"tweet_location":"none","created_at":{"$date":{"$numberLong":"1552310892000"}}}
{"_id":{"$oid":"5cb29e937cd8d208e03c3f6a"},"tweet_id":{"$numberLong":"1105066373833723904"},"tweet_location":"France","created_at":{"$date":{"$numberLong":"1552303329000"}}}
{"_id":{"$oid":"5cb29e947cd8d208e03c3f6b"},"tweet_id":{"$numberLong":"1105065891883036673"},"tweet_location":"Switzerland","created_at":{"$date":{"$numberLong":"1552303214000"}}}
{"_id":{"$oid":"5cb29e947cd8d208e03c3f6c"},"tweet_id":{"$numberLong":"1105038821396283393"},"tweet_location":"France","created_at":{"$date":{"$numberLong":"1552296760000"}}}
{"_id":{"$oid":"5cb29e947cd8d208e03c3f6d"},"tweet_id":{"$numberLong":"1105966012170526721"},"tweet_location":"United States","created_at":{"$date":{"$numberLong":"1552517819000"}}}
{"_id":{"$oid":"5cb29e947cd8d208e03c3f6e"},"tweet_id":{"$numberLong":"1105965861536325633"},"tweet_location":"United States","created_at":{"$date":{"$numberLong":"1552517783000"}}}
{"_id":{"$oid":"5cb29e947cd8d208e03c3f6f"},"tweet_id":{"$numberLong":"1105965727293497344"},"tweet_location":"none","created_at":{"$date":{"$numberLong":"1552517751000"}}}
{"_id":{"$oid":"5cb29e947cd8d208e03c3f70"},"tweet_id":{"$numberLong":"1105958730401804288"},"tweet_location":"France","created_at":{"$date":{"$numberLong":"1552516083000"}}}
{"_id":{"$oid":"5cb29e957cd8d208e03c3f71"},"tweet_id":{"$numberLong":"1105948378607824896"},"tweet_location":"United States","created_at":{"$date":{"$numberLong":"1552513615000"}}}
{"_id":{"$oid":"5cb29e957cd8d208e03c3f72"},"tweet_id":{"$numberLong":"1105936699627057154"},"tweet_location":"none","created_at":{"$date":{"$numberLong":"1552510831000"}}}
{"_id":{"$oid":"5cb29e957cd8d208e03c3f73"},"tweet_id":{"$numberLong":"1105932692850388994"},"tweet_location":"United States","created_at":{"$date":{"$numberLong":"1552509875000"}}}
{"_id":{"$oid":"5cb29e957cd8d208e03c3f74"},"tweet_id":{"$numberLong":"1105930350302253057"},"tweet_location":"none","created_at":{"$date":{"$numberLong":"1552509317000"}}}
{"_id":{"$oid":"5cb29e957cd8d208e03c3f75"},"tweet_id":{"$numberLong":"1105825852317671429"},"tweet_location":"none","created_at":{"$date":{"$numberLong":"1552484403000"}}}
{"_id":{"$oid":"5cb29e967cd8d208e03c3f76"},"tweet_id":{"$numberLong":"1105817572228788229"},"tweet_location":"none","created_at":{"$date":{"$numberLong":"1552482428000"}}}
{"_id":{"$oid":"5cb29e967cd8d208e03c3f77"},"tweet_id":{"$numberLong":"1105817369664880640"},"tweet_location":"United States","created_at":{"$date":{"$numberLong":"1552482380000"}}}
{"_id":{"$oid":"5cb29e967cd8d208e03c3f78"},"tweet_id":{"$numberLong":"1105816995834941441"},"tweet_location":"United States","created_at":{"$date":{"$numberLong":"1552482291000"}}}
{"_id":{"$oid":"5cb29e967cd8d208e03c3f79"},"tweet_id":{"$numberLong":"1105679143587373056"},"tweet_location":"none","created_at":{"$date":{"$numberLong":"1552449425000"}}}
{"_id":{"$oid":"5cb29e967cd8d208e03c3f7a"},"tweet_id":{"$numberLong":"1105675492076605440"},"tweet_location":"none","created_at":{"$date":{"$numberLong":"1552448554000"}}}
{"_id":{"$oid":"5cb29e967cd8d208e03c3f7b"},"tweet_id":{"$numberLong":"1106610547884208130"},"tweet_location":"none","created_at":{"$date":{"$numberLong":"1552671489000"}}}
{"_id":{"$oid":"5cb29e977cd8d208e03c3f7c"},"tweet_id":{"$numberLong":"1106610538367410177"},"tweet_location":"none","created_at":{"$date":{"$numberLong":"1552671486000"}}}
{"_id":{"$oid":"5cb29e977cd8d208e03c3f7d"},"tweet_id":{"$numberLong":"1106610536857436160"},"tweet_location":"none","created_at":{"$date":{"$numberLong":"1552671486000"}}}
{"_id":{"$oid":"5cb29e977cd8d208e03c3f7e"},"tweet_id":{"$numberLong":"1106608827347206145"},"tweet_location":"none","created_at":{"$date":{"$numberLong":"1552671078000"}}}
{"_id":{"$oid":"5cb29e977cd8d208e03c3f7f"},"tweet_id":{"$numberLong":"1106607955036786690"},"tweet_location":"none","created_at":{"$date":{"$numberLong":"1552670870000"}}}
{"_id":{"$oid":"5cb29e977cd8d208e03c3f80"},"tweet_id":{"$numberLong":"1106607260875128833"},"tweet_location":"none","created_at":{"$date":{"$numberLong":"1552670705000"}}}
{"_id":{"$oid":"5cb29e977cd8d208e03c3f81"},"tweet_id":{"$numberLong":"1106599366750547968"},"tweet_location":"Sweden","created_at":{"$date":{"$numberLong":"1552668823000"}}}
{"_id":{"$oid":"5cb29e987cd8d208e03c3f82"},"tweet_id":{"$numberLong":"1106594530390880256"},"tweet_location":"none","created_at":{"$date":{"$numberLong":"1552667670000"}}}
{"_id":{"$oid":"5cb29e987cd8d208e03c3f83"},"tweet_id":{"$numberLong":"1106592773749264384"},"tweet_location":"none","created_at":{"$date":{"$numberLong":"1552667251000"}}}
{"_id":{"$oid":"5cb29e987cd8d208e03c3f84"},"tweet_id":{"$numberLong":"1106589229558255616"},"tweet_location":"Switzerland","created_at":{"$date":{"$numberLong":"1552666406000"}}}
{"_id":{"$oid":"5cb29e987cd8d208e03c3f85"},"tweet_id":{"$numberLong":"1106586430648786945"},"tweet_location":"none","created_at":{"$date":{"$numberLong":"1552665739000"}}}
{"_id":{"$oid":"5cb29e987cd8d208e03c3f86"},"tweet_id":{"$numberLong":"1106563988735713286"},"tweet_location":"none","created_at":{"$date":{"$numberLong":"1552660388000"}}}
{"_id":{"$oid":"5cb29e997cd8d208e03c3f87"},"tweet_id":{"$numberLong":"1106563810121256960"},"tweet_location":"United States","created_at":{"$date":{"$numberLong":"1552660345000"}}}
{"_id":{"$oid":"5cb29e997cd8d208e03c3f88"},"tweet_id":{"$numberLong":"1106563602062823427"},"tweet_location":"United States","created_at":{"$date":{"$numberLong":"1552660296000"}}}
{"_id":{"$oid":"5cb29e997cd8d208e03c3f89"},"tweet_id":{"$numberLong":"1106563553543286784"},"tweet_location":"United States","created_at":{"$date":{"$numberLong":"1552660284000"}}}
{"_id":{"$oid":"5cb29e997cd8d208e03c3f8a"},"tweet_id":{"$numberLong":"1106537683570974720"},"tweet_location":"none","created_at":{"$date":{"$numberLong":"1552654116000"}}}
{"_id":{"$oid":"5cb29e997cd8d208e03c3f8b"},"tweet_id":{"$numberLong":"1106475655758315520"},"tweet_location":"Switzerland","created_at":{"$date":{"$numberLong":"1552639328000"}}}
{"_id":{"$oid":"5cb29e997cd8d208e03c3f8c"},"tweet_id":{"$numberLong":"1106428587375235072"},"tweet_location":"none","created_at":{"$date":{"$numberLong":"1552628106000"}}}
{"_id":{"$oid":"5cb29e997cd8d208e03c3f8d"},"tweet_id":{"$numberLong":"1107417050429812737"},"tweet_location":"United States","created_at":{"$date":{"$numberLong":"1552863774000"}}}
{"_id":{"$oid":"5cb29e9a7cd8d208e03c3f8e"},"tweet_id":{"$numberLong":"1107416933127737344"},"tweet_location":"United States","created_at":{"$date":{"$numberLong":"1552863746000"}}}
{"_id":{"$oid":"5cb29e9a7cd8d208e03c3f8f"},"tweet_id":{"$numberLong":"1107416836423843840"},"tweet_location":"none","created_at":{"$date":{"$numberLong":"1552863723000"}}}
{"_id":{"$oid":"5cb29e9a7cd8d208e03c3f90"},"tweet_id":{"$numberLong":"1107375703182450688"},"tweet_location":"none","created_at":{"$date":{"$numberLong":"1552853916000"}}}
{"_id":{"$oid":"5cb29e9a7cd8d208e03c3f91"},"tweet_id":{"$numberLong":"1107363109352685569"},"tweet_location":"none","created_at":{"$date":{"$numberLong":"1552850913000"}}}
{"_id":{"$oid":"5cb29e9a7cd8d208e03c3f92"},"tweet_id":{"$numberLong":"1107351320728604672"},"tweet_location":"United States","created_at":{"$date":{"$numberLong":"1552848103000"}}}
{"_id":{"$oid":"5cb29e9a7cd8d208e03c3f93"},"tweet_id":{"$numberLong":"1107300617343680513"},"tweet_location":"none","created_at":{"$date":{"$numberLong":"1552836014000"}}}
{"_id":{"$oid":"5cb29e9b7cd8d208e03c3f94"},"tweet_id":{"$numberLong":"1107280674333949952"},"tweet_location":"none","created_at":{"$date":{"$numberLong":"1552831259000"}}}
{"_id":{"$oid":"5cb29e9b7cd8d208e03c3f95"},"tweet_id":{"$numberLong":"1107280253645275136"},"tweet_location":"United States","created_at":{"$date":{"$numberLong":"1552831159000"}}}
{"_id":{"$oid":"5cb29e9b7cd8d208e03c3f96"},"tweet_id":{"$numberLong":"1107279965941198848"},"tweet_location":"United States","created_at":{"$date":{"$numberLong":"1552831090000"}}}
{"_id":{"$oid":"5cb29e9b7cd8d208e03c3f97"},"tweet_id":{"$numberLong":"1107279114493263873"},"tweet_location":"none","created_at":{"$date":{"$numberLong":"1552830887000"}}}
{"_id":{"$oid":"5cb29e9b7cd8d208e03c3f98"},"tweet_id":{"$numberLong":"1107271366787555329"},"tweet_location":"none","created_at":{"$date":{"$numberLong":"1552829040000"}}}
{"_id":{"$oid":"5cb29e9b7cd8d208e03c3f99"},"tweet_id":{"$numberLong":"1107241529746305032"},"tweet_location":"United States","created_at":{"$date":{"$numberLong":"1552821926000"}}}
{"_id":{"$oid":"5cb29e9c7cd8d208e03c3f9a"},"tweet_id":{"$numberLong":"1107079053528330242"},"tweet_location":"United States","created_at":{"$date":{"$numberLong":"1552783189000"}}}
{"_id":{"$oid":"5cb29e9c7cd8d208e03c3f9b"},"tweet_id":{"$numberLong":"1107078925916659712"},"tweet_location":"United States","created_at":{"$date":{"$numberLong":"1552783159000"}}}
{"_id":{"$oid":"5cb29e9c7cd8d208e03c3f9c"},"tweet_id":{"$numberLong":"1107078802545360896"},"tweet_location":"none","created_at":{"$date":{"$numberLong":"1552783129000"}}}
{"_id":{"$oid":"5cb29e9c7cd8d208e03c3f9d"},"tweet_id":{"$numberLong":"1108138494864453633"},"tweet_location":"United States","created_at":{"$date":{"$numberLong":"1553035780000"}}}
{"_id":{"$oid":"5cb29e9c7cd8d208e03c3f9e"},"tweet_id":{"$numberLong":"1108138354829230080"},"tweet_location":"United States","created_at":{"$date":{"$numberLong":"1553035746000"}}}
{"_id":{"$oid":"5cb29e9c7cd8d208e03c3f9f"},"tweet_id":{"$numberLong":"1108138219080544258"},"tweet_location":"none","created_at":{"$date":{"$numberLong":"1553035714000"}}}
{"_id":{"$oid":"5cb29e9c7cd8d208e03c3fa0"},"tweet_id":{"$numberLong":"1108090250570559488"},"tweet_location":"none","created_at":{"$date":{"$numberLong":"1553024277000"}}}
{"_id":{"$oid":"5cb29e9d7cd8d208e03c3fa1"},"tweet_id":{"$numberLong":"1108083440447119361"},"tweet_location":"Switzerland","created_at":{"$date":{"$numberLong":"1553022654000"}}}
{"_id":{"$oid":"5cb29e9d7cd8d208e03c3fa2"},"tweet_id":{"$numberLong":"1108067084146073600"},"tweet_location":"none","created_at":{"$date":{"$numberLong":"1553018754000"}}}
{"_id":{"$oid":"5cb29e9d7cd8d208e03c3fa3"},"tweet_id":{"$numberLong":"1108028110522515456"},"tweet_location":"none","created_at":{"$date":{"$numberLong":"1553009462000"}}}
{"_id":{"$oid":"5cb29e9d7cd8d208e03c3fa4"},"tweet_id":{"$numberLong":"1108019085248364547"},"tweet_location":"Switzerland","created_at":{"$date":{"$numberLong":"1553007310000"}}}
{"_id":{"$oid":"5cb29e9d7cd8d208e03c3fa5"},"tweet_id":{"$numberLong":"1108016129480376322"},"tweet_location":"none","created_at":{"$date":{"$numberLong":"1553006605000"}}}
{"_id":{"$oid":"5cb29e9d7cd8d208e03c3fa6"},"tweet_id":{"$numberLong":"1108005245806796800"},"tweet_location":"none","created_at":{"$date":{"$numberLong":"1553004010000"}}}
{"_id":{"$oid":"5cb29e9e7cd8d208e03c3fa7"},"tweet_id":{"$numberLong":"1108004966130552832"},"tweet_location":"United States","created_at":{"$date":{"$numberLong":"1553003944000"}}}
{"_id":{"$oid":"5cb29e9e7cd8d208e03c3fa8"},"tweet_id":{"$numberLong":"1108004678690697217"},"tweet_location":"United States","created_at":{"$date":{"$numberLong":"1553003875000"}}}
{"_id":{"$oid":"5cb29e9e7cd8d208e03c3fa9"},"tweet_id":{"$numberLong":"1107942929870381056"},"tweet_location":"none","created_at":{"$date":{"$numberLong":"1552989153000"}}}
{"_id":{"$oid":"5cb29e9e7cd8d208e03c3faa"},"tweet_id":{"$numberLong":"1107932143634866176"},"tweet_location":"none","created_at":{"$date":{"$numberLong":"1552986582000"}}}
{"_id":{"$oid":"5cb29e9e7cd8d208e03c3fab"},"tweet_id":{"$numberLong":"1107872420524896256"},"tweet_location":"none","created_at":{"$date":{"$numberLong":"1552972342000"}}}
{"_id":{"$oid":"5cb29e9e7cd8d208e03c3fac"},"tweet_id":{"$numberLong":"1107855956010893312"},"tweet_location":"Taiwan","created_at":{"$date":{"$numberLong":"1552968417000"}}}
{"_id":{"$oid":"5cb29e9e7cd8d208e03c3fad"},"tweet_id":{"$numberLong":"1107855742273376257"},"tweet_location":"United States","created_at":{"$date":{"$numberLong":"1552968366000"}}}
{"_id":{"$oid":"5cb29e9f7cd8d208e03c3fae"},"tweet_id":{"$numberLong":"1107818806993436672"},"tweet_location":"none","created_at":{"$date":{"$numberLong":"1552959560000"}}}
{"_id":{"$oid":"5cb29e9f7cd8d208e03c3faf"},"tweet_id":{"$numberLong":"1108859065281576960"},"tweet_location":"United States","created_at":{"$date":{"$numberLong":"1553207577000"}}}
{"_id":{"$oid":"5cb29e9f7cd8d208e03c3fb0"},"tweet_id":{"$numberLong":"1108858918195748864"},"tweet_location":"United States","created_at":{"$date":{"$numberLong":"1553207542000"}}}
{"_id":{"$oid":"5cb29e9f7cd8d208e03c3fb1"},"tweet_id":{"$numberLong":"1108858735596691457"},"tweet_location":"none","created_at":{"$date":{"$numberLong":"1553207498000"}}}
{"_id":{"$oid":"5cb29e9f7cd8d208e03c3fb2"},"tweet_id":{"$numberLong":"1108754162815299585"},"tweet_location":"none","created_at":{"$date":{"$numberLong":"1553182566000"}}}
{"_id":{"$oid":"5cb29e9f7cd8d208e03c3fb3"},"tweet_id":{"$numberLong":"1108737733407711236"},"tweet_location":"none","created_at":{"$date":{"$numberLong":"1553178649000"}}}
{"_id":{"$oid":"5cb29e9f7cd8d208e03c3fb4"},"tweet_id":{"$numberLong":"1108721382869880833"},"tweet_location":"United States","created_at":{"$date":{"$numberLong":"1553174751000"}}}
{"_id":{"$oid":"5cb29ea07cd8d208e03c3fb5"},"tweet_id":{"$numberLong":"1108714929647816704"},"tweet_location":"none","created_at":{"$date":{"$numberLong":"1553173212000"}}}
{"_id":{"$oid":"5cb29ea07cd8d208e03c3fb6"},"tweet_id":{"$numberLong":"1108714782037671938"},"tweet_location":"United States","created_at":{"$date":{"$numberLong":"1553173177000"}}}
{"_id":{"$oid":"5cb29ea07cd8d208e03c3fb7"},"tweet_id":{"$numberLong":"1108689711025917952"},"tweet_location":"France","created_at":{"$date":{"$numberLong":"1553167200000"}}}
{"_id":{"$oid":"5cb29ea07cd8d208e03c3fb8"},"tweet_id":{"$numberLong":"1108678912748503041"},"tweet_location":"United States","created_at":{"$date":{"$numberLong":"1553164625000"}}}
{"_id":{"$oid":"5cb29ea07cd8d208e03c3fb9"},"tweet_id":{"$numberLong":"1108645167496601602"},"tweet_location":"none","created_at":{"$date":{"$numberLong":"1553156580000"}}}
{"_id":{"$oid":"5cb29ea07cd8d208e03c3fba"},"tweet_id":{"$numberLong":"1108637775346069506"},"tweet_location":"Taiwan","created_at":{"$date":{"$numberLong":"1553154817000"}}}
{"_id":{"$oid":"5cb29ea17cd8d208e03c3fbb"},"tweet_id":{"$numberLong":"1108578988539023366"},"tweet_location":"none","created_at":{"$date":{"$numberLong":"1553140801000"}}}
{"_id":{"$oid":"5cb29ea17cd8d208e03c3fbc"},"tweet_id":{"$numberLong":"1109586938716217344"},"tweet_location":"none","created_at":{"$date":{"$numberLong":"1553381115000"}}}
{"_id":{"$oid":"5cb29ea17cd8d208e03c3fbd"},"tweet_id":{"$numberLong":"1109563493123063808"},"tweet_location":"none","created_at":{"$date":{"$numberLong":"1553375526000"}}}
{"_id":{"$oid":"5cb29ea17cd8d208e03c3fbe"},"tweet_id":{"$numberLong":"1109536827977936896"},"tweet_location":"none","created_at":{"$date":{"$numberLong":"1553369168000"}}}
{"_id":{"$oid":"5cb29ea17cd8d208e03c3fbf"},"tweet_id":{"$numberLong":"1109472254415523845"},"tweet_location":"none","created_at":{"$date":{"$numberLong":"1553353773000"}}}
{"_id":{"$oid":"5cb29ea17cd8d208e03c3fc0"},"tweet_id":{"$numberLong":"1109467110915354631"},"tweet_location":"none","created_at":{"$date":{"$numberLong":"1553352546000"}}}
{"_id":{"$oid":"5cb29ea17cd8d208e03c3fc1"},"tweet_id":{"$numberLong":"1109434737800761344"},"tweet_location":"none","created_at":{"$date":{"$numberLong":"1553344828000"}}}
{"_id":{"$oid":"5cb29ea17cd8d208e03c3fc2"},"tweet_id":{"$numberLong":"1109426092559917057"},"tweet_location":"United States","created_at":{"$date":{"$numberLong":"1553342767000"}}}
{"_id":{"$oid":"5cb29ea27cd8d208e03c3fc3"},"tweet_id":{"$numberLong":"1110289185108344837"},"tweet_location":"United States","created_at":{"$date":{"$numberLong":"1553548544000"}}}
{"_id":{"$oid":"5cb29ea27cd8d208e03c3fc4"},"tweet_id":{"$numberLong":"1110287059623788544"},"tweet_location":"United States","created_at":{"$date":{"$numberLong":"1553548037000"}}}
{"_id":{"$oid":"5cb29ea27cd8d208e03c3fc5"},"tweet_id":{"$numberLong":"1110266300629045248"},"tweet_location":"none","created_at":{"$date":{"$numberLong":"1553543088000"}}}
{"_id":{"$oid":"5cb29ea27cd8d208e03c3fc6"},"tweet_id":{"$numberLong":"1110265277692829696"},"tweet_location":"none","created_at":{"$date":{"$numberLong":"1553542844000"}}}
{"_id":{"$oid":"5cb29ea27cd8d208e03c3fc7"},"tweet_id":{"$numberLong":"1110254700748853255"},"tweet_location":"Switzerland","created_at":{"$date":{"$numberLong":"1553540322000"}}}
{"_id":{"$oid":"5cb29ea27cd8d208e03c3fc8"},"tweet_id":{"$numberLong":"1110249411454459905"},"tweet_location":"Taiwan","created_at":{"$date":{"$numberLong":"1553539061000"}}}
{"_id":{"$oid":"5cb29ea27cd8d208e03c3fc9"},"tweet_id":{"$numberLong":"1110249389312929792"},"tweet_location":"none","created_at":{"$date":{"$numberLong":"1553539056000"}}}
{"_id":{"$oid":"5cb29ea37cd8d208e03c3fca"},"tweet_id":{"$numberLong":"1110248157248512000"},"tweet_location":"none","created_at":{"$date":{"$numberLong":"1553538762000"}}}
{"_id":{"$oid":"5cb29ea37cd8d208e03c3fcb"},"tweet_id":{"$numberLong":"1110190829560365057"},"tweet_location":"none","created_at":{"$date":{"$numberLong":"1553525094000"}}}
{"_id":{"$oid":"5cb29ea37cd8d208e03c3fcc"},"tweet_id":{"$numberLong":"1110187636411363329"},"tweet_location":"none","created_at":{"$date":{"$numberLong":"1553524333000"}}}
{"_id":{"$oid":"5cb29ea37cd8d208e03c3fcd"},"tweet_id":{"$numberLong":"1110127961410359296"},"tweet_location":"France","created_at":{"$date":{"$numberLong":"1553510105000"}}}
{"_id":{"$oid":"5cb29ea37cd8d208e03c3fce"},"tweet_id":{"$numberLong":"1110079509737304065"},"tweet_location":"none","created_at":{"$date":{"$numberLong":"1553498554000"}}}
{"_id":{"$oid":"5cb29ea37cd8d208e03c3fcf"},"tweet_id":{"$numberLong":"1111019403267764229"},"tweet_location":"United States","created_at":{"$date":{"$numberLong":"1553722642000"}}}
{"_id":{"$oid":"5cb29ea37cd8d208e03c3fd0"},"tweet_id":{"$numberLong":"1111010323509768192"},"tweet_location":"none","created_at":{"$date":{"$numberLong":"1553720477000"}}}
{"_id":{"$oid":"5cb29ea37cd8d208e03c3fd1"},"tweet_id":{"$numberLong":"1110932119210131456"},"tweet_location":"United States","created_at":{"$date":{"$numberLong":"1553701831000"}}}
{"_id":{"$oid":"5cb29ea47cd8d208e03c3fd2"},"tweet_id":{"$numberLong":"1110923418864541696"},"tweet_location":"none","created_at":{"$date":{"$numberLong":"1553699757000"}}}
{"_id":{"$oid":"5cb29ea47cd8d208e03c3fd3"},"tweet_id":{"$numberLong":"1110915702762823681"},"tweet_location":"United States","created_at":{"$date":{"$numberLong":"1553697918000"}}}
{"_id":{"$oid":"5cb29ea47cd8d208e03c3fd4"},"tweet_id":{"$numberLong":"1110888292868866048"},"tweet_location":"none","created_at":{"$date":{"$numberLong":"1553691382000"}}}
{"_id":{"$oid":"5cb29ea47cd8d208e03c3fd5"},"tweet_id":{"$numberLong":"1110885097517903878"},"tweet_location":"United States","created_at":{"$date":{"$numberLong":"1553690621000"}}}
{"_id":{"$oid":"5cb29ea47cd8d208e03c3fd6"},"tweet_id":{"$numberLong":"1110884590506246145"},"tweet_location":"Japan","created_at":{"$date":{"$numberLong":"1553690500000"}}}
{"_id":{"$oid":"5cb29ea47cd8d208e03c3fd7"},"tweet_id":{"$numberLong":"1110869403992772610"},"tweet_location":"none","created_at":{"$date":{"$numberLong":"1553686879000"}}}
{"_id":{"$oid":"5cb29ea47cd8d208e03c3fd8"},"tweet_id":{"$numberLong":"1110824570662146048"},"tweet_location":"France","created_at":{"$date":{"$numberLong":"1553676190000"}}}
{"_id":{"$oid":"5cb29ea57cd8d208e03c3fd9"},"tweet_id":{"$numberLong":"1110797595121606656"},"tweet_location":"Taiwan","created_at":{"$date":{"$numberLong":"1553669758000"}}}
{"_id":{"$oid":"5cb29ea57cd8d208e03c3fda"},"tweet_id":{"$numberLong":"1110747254153863168"},"tweet_location":"none","created_at":{"$date":{"$numberLong":"1553657756000"}}}
{"_id":{"$oid":"5cb29ea57cd8d208e03c3fdb"},"tweet_id":{"$numberLong":"1110742879406718976"},"tweet_location":"none","created_at":{"$date":{"$numberLong":"1553656713000"}}}
{"_id":{"$oid":"5cb29ea57cd8d208e03c3fdc"},"tweet_id":{"$numberLong":"1110706894878826496"},"tweet_location":"none","created_at":{"$date":{"$numberLong":"1553648134000"}}}
{"_id":{"$oid":"5cb29ea57cd8d208e03c3fdd"},"tweet_id":{"$numberLong":"1110693584032985088"},"tweet_location":"none","created_at":{"$date":{"$numberLong":"1553644960000"}}}
{"_id":{"$oid":"5cb29ea57cd8d208e03c3fde"},"tweet_id":{"$numberLong":"1111722384443215873"},"tweet_location":"United States","created_at":{"$date":{"$numberLong":"1553890245000"}}}
{"_id":{"$oid":"5cb29ea67cd8d208e03c3fdf"},"tweet_id":{"$numberLong":"1111634134206681088"},"tweet_location":"Switzerland","created_at":{"$date":{"$numberLong":"1553869205000"}}}
{"_id":{"$oid":"5cb29ea67cd8d208e03c3fe0"},"tweet_id":{"$numberLong":"1111630511435403266"},"tweet_location":"Switzerland","created_at":{"$date":{"$numberLong":"1553868341000"}}}
{"_id":{"$oid":"5cb29ea67cd8d208e03c3fe1"},"tweet_id":{"$numberLong":"1111611217263640576"},"tweet_location":"none","created_at":{"$date":{"$numberLong":"1553863741000"}}}
{"_id":{"$oid":"5cb29ea67cd8d208e03c3fe2"},"tweet_id":{"$numberLong":"1111583627295379456"},"tweet_location":"none","created_at":{"$date":{"$numberLong":"1553857163000"}}}
{"_id":{"$oid":"5cb29ea77cd8d208e03c3fe3"},"tweet_id":{"$numberLong":"1111582064174923776"},"tweet_location":"none","created_at":{"$date":{"$numberLong":"1553856790000"}}}
{"_id":{"$oid":"5cb29ea77cd8d208e03c3fe4"},"tweet_id":{"$numberLong":"1111569617145790465"},"tweet_location":"Switzerland","created_at":{"$date":{"$numberLong":"1553853823000"}}}
{"_id":{"$oid":"5cb29ea77cd8d208e03c3fe5"},"tweet_id":{"$numberLong":"1111566190521081857"},"tweet_location":"none","created_at":{"$date":{"$numberLong":"1553853006000"}}}
{"_id":{"$oid":"5cb29ea77cd8d208e03c3fe6"},"tweet_id":{"$numberLong":"1111561541248258049"},"tweet_location":"United States","created_at":{"$date":{"$numberLong":"1553851897000"}}}
{"_id":{"$oid":"5cb29ea77cd8d208e03c3fe7"},"tweet_id":{"$numberLong":"1111542990953021440"},"tweet_location":"none","created_at":{"$date":{"$numberLong":"1553847475000"}}}
{"_id":{"$oid":"5cb29ea87cd8d208e03c3fe8"},"tweet_id":{"$numberLong":"1111521287292088322"},"tweet_location":"United States","created_at":{"$date":{"$numberLong":"1553842300000"}}}
{"_id":{"$oid":"5cb29ea87cd8d208e03c3fe9"},"tweet_id":{"$numberLong":"1111419460412276738"},"tweet_location":"none","created_at":{"$date":{"$numberLong":"1553818023000"}}}
{"_id":{"$oid":"5cb29ea87cd8d208e03c3fea"},"tweet_id":{"$numberLong":"1112480183863242752"},"tweet_location":"United States","created_at":{"$date":{"$numberLong":"1554070919000"}}}
{"_id":{"$oid":"5cb29ea87cd8d208e03c3feb"},"tweet_id":{"$numberLong":"1112480046415900672"},"tweet_location":"United States","created_at":{"$date":{"$numberLong":"1554070886000"}}}
{"_id":{"$oid":"5cb29ea87cd8d208e03c3fec"},"tweet_id":{"$numberLong":"1112479884347994112"},"tweet_location":"none","created_at":{"$date":{"$numberLong":"1554070847000"}}}
{"_id":{"$oid":"5cb29ea87cd8d208e03c3fed"},"tweet_id":{"$numberLong":"1112399625883914240"},"tweet_location":"United States","created_at":{"$date":{"$numberLong":"1554051712000"}}}
{"_id":{"$oid":"5cb29ea87cd8d208e03c3fee"},"tweet_id":{"$numberLong":"1112363404717686786"},"tweet_location":"none","created_at":{"$date":{"$numberLong":"1554043077000"}}}
{"_id":{"$oid":"5cb29ea87cd8d208e03c3fef"},"tweet_id":{"$numberLong":"1112358115486453760"},"tweet_location":"United States","created_at":{"$date":{"$numberLong":"1554041816000"}}}
{"_id":{"$oid":"5cb29ea97cd8d208e03c3ff0"},"tweet_id":{"$numberLong":"1112342754133078016"},"tweet_location":"none","created_at":{"$date":{"$numberLong":"1554038153000"}}}
{"_id":{"$oid":"5cb29ea97cd8d208e03c3ff1"},"tweet_id":{"$numberLong":"1112342571152338945"},"tweet_location":"United States","created_at":{"$date":{"$numberLong":"1554038109000"}}}
{"_id":{"$oid":"5cb29ea97cd8d208e03c3ff2"},"tweet_id":{"$numberLong":"1112342349605003264"},"tweet_location":"United States","created_at":{"$date":{"$numberLong":"1554038057000"}}}
{"_id":{"$oid":"5cb29ea97cd8d208e03c3ff3"},"tweet_id":{"$numberLong":"1112265382029475840"},"tweet_location":"none","created_at":{"$date":{"$numberLong":"1554019706000"}}}
{"_id":{"$oid":"5cb29ea97cd8d208e03c3ff4"},"tweet_id":{"$numberLong":"1112232391173505024"},"tweet_location":"none","created_at":{"$date":{"$numberLong":"1554011840000"}}}
{"_id":{"$oid":"5cb29ea97cd8d208e03c3ff5"},"tweet_id":{"$numberLong":"1112231536328359936"},"tweet_location":"none","created_at":{"$date":{"$numberLong":"1554011637000"}}}
{"_id":{"$oid":"5cb29eaa7cd8d208e03c3ff6"},"tweet_id":{"$numberLong":"1112210607552368641"},"tweet_location":"none","created_at":{"$date":{"$numberLong":"1554006647000"}}}
{"_id":{"$oid":"5cb29eaa7cd8d208e03c3ff7"},"tweet_id":{"$numberLong":"1112204272526131201"},"tweet_location":"none","created_at":{"$date":{"$numberLong":"1554005136000"}}}
{"_id":{"$oid":"5cb29eaa7cd8d208e03c3ff8"},"tweet_id":{"$numberLong":"1112201924105981953"},"tweet_location":"none","created_at":{"$date":{"$numberLong":"1554004577000"}}}
{"_id":{"$oid":"5cb29eaa7cd8d208e03c3ff9"},"tweet_id":{"$numberLong":"1112188744096874498"},"tweet_location":"none","created_at":{"$date":{"$numberLong":"1554001434000"}}}
{"_id":{"$oid":"5cb29eaa7cd8d208e03c3ffa"},"tweet_id":{"$numberLong":"1112149666517286912"},"tweet_location":"none","created_at":{"$date":{"$numberLong":"1553992117000"}}}
{"_id":{"$oid":"5cb29eaa7cd8d208e03c3ffb"},"tweet_id":{"$numberLong":"1113222375993167874"},"tweet_location":"United States","created_at":{"$date":{"$numberLong":"1554247871000"}}}
{"_id":{"$oid":"5cb29eaa7cd8d208e03c3ffc"},"tweet_id":{"$numberLong":"1113208333219926017"},"tweet_location":"United States","created_at":{"$date":{"$numberLong":"1554244523000"}}}
{"_id":{"$oid":"5cb29eaa7cd8d208e03c3ffd"},"tweet_id":{"$numberLong":"1113208158971764741"},"tweet_location":"United States","created_at":{"$date":{"$numberLong":"1554244482000"}}}
{"_id":{"$oid":"5cb29eab7cd8d208e03c3ffe"},"tweet_id":{"$numberLong":"1113208020492673024"},"tweet_location":"none","created_at":{"$date":{"$numberLong":"1554244449000"}}}
{"_id":{"$oid":"5cb29eab7cd8d208e03c3fff"},"tweet_id":{"$numberLong":"1113190765512073217"},"tweet_location":"United States","created_at":{"$date":{"$numberLong":"1554240335000"}}}
{"_id":{"$oid":"5cb29eab7cd8d208e03c4000"},"tweet_id":{"$numberLong":"1113117898502017024"},"tweet_location":"none","created_at":{"$date":{"$numberLong":"1554222962000"}}}
{"_id":{"$oid":"5cb29eab7cd8d208e03c4001"},"tweet_id":{"$numberLong":"1113103497946435584"},"tweet_location":"United States","created_at":{"$date":{"$numberLong":"1554219529000"}}}
{"_id":{"$oid":"5cb29eac7cd8d208e03c4002"},"tweet_id":{"$numberLong":"1113097266309431296"},"tweet_location":"none","created_at":{"$date":{"$numberLong":"1554218043000"}}}
{"_id":{"$oid":"5cb29eac7cd8d208e03c4003"},"tweet_id":{"$numberLong":"1113084952126672897"},"tweet_location":"none","created_at":{"$date":{"$numberLong":"1554215107000"}}}
{"_id":{"$oid":"5cb29eac7cd8d208e03c4004"},"tweet_id":{"$numberLong":"1113068958284832768"},"tweet_location":"none","created_at":{"$date":{"$numberLong":"1554211294000"}}}
{"_id":{"$oid":"5cb29eac7cd8d208e03c4005"},"tweet_id":{"$numberLong":"1113063675571519491"},"tweet_location":"Germany","created_at":{"$date":{"$numberLong":"1554210034000"}}}
{"_id":{"$oid":"5cb29eac7cd8d208e03c4006"},"tweet_id":{"$numberLong":"1113062585123786752"},"tweet_location":"United States","created_at":{"$date":{"$numberLong":"1554209774000"}}}
{"_id":{"$oid":"5cb29ead7cd8d208e03c4007"},"tweet_id":{"$numberLong":"1113056217881030656"},"tweet_location":"United Kingdom","created_at":{"$date":{"$numberLong":"1554208256000"}}}
{"_id":{"$oid":"5cb29ead7cd8d208e03c4008"},"tweet_id":{"$numberLong":"1113046129376030725"},"tweet_location":"none","created_at":{"$date":{"$numberLong":"1554205851000"}}}
{"_id":{"$oid":"5cb29ead7cd8d208e03c4009"},"tweet_id":{"$numberLong":"1113947751719550976"},"tweet_location":"none","created_at":{"$date":{"$numberLong":"1554420814000"}}}
{"_id":{"$oid":"5cb29ead7cd8d208e03c400a"},"tweet_id":{"$numberLong":"1113911107171880960"},"tweet_location":"none","created_at":{"$date":{"$numberLong":"1554412078000"}}}
{"_id":{"$oid":"5cb29ead7cd8d208e03c400b"},"tweet_id":{"$numberLong":"1113893356373864448"},"tweet_location":"none","created_at":{"$date":{"$numberLong":"1554407845000"}}}
{"_id":{"$oid":"5cb29ead7cd8d208e03c400c"},"tweet_id":{"$numberLong":"1113890598258393096"},"tweet_location":"none","created_at":{"$date":{"$numberLong":"1554407188000"}}}
{"_id":{"$oid":"5cb29eae7cd8d208e03c400d"},"tweet_id":{"$numberLong":"1113880731518996480"},"tweet_location":"United States","created_at":{"$date":{"$numberLong":"1554404835000"}}}
{"_id":{"$oid":"5cb29eae7cd8d208e03c400e"},"tweet_id":{"$numberLong":"1113868437879529472"},"tweet_location":"none","created_at":{"$date":{"$numberLong":"1554401904000"}}}
{"_id":{"$oid":"5cb29eae7cd8d208e03c400f"},"tweet_id":{"$numberLong":"1113864125455581184"},"tweet_location":"none","created_at":{"$date":{"$numberLong":"1554400876000"}}}
{"_id":{"$oid":"5cb29eae7cd8d208e03c4010"},"tweet_id":{"$numberLong":"1113839468786667520"},"tweet_location":"Switzerland","created_at":{"$date":{"$numberLong":"1554394998000"}}}
{"_id":{"$oid":"5cb29eae7cd8d208e03c4011"},"tweet_id":{"$numberLong":"1113834091651194883"},"tweet_location":"none","created_at":{"$date":{"$numberLong":"1554393716000"}}}
{"_id":{"$oid":"5cb29eaf7cd8d208e03c4012"},"tweet_id":{"$numberLong":"1113828898662428674"},"tweet_location":"none","created_at":{"$date":{"$numberLong":"1554392478000"}}}
{"_id":{"$oid":"5cb29eaf7cd8d208e03c4013"},"tweet_id":{"$numberLong":"1113819056522571778"},"tweet_location":"none","created_at":{"$date":{"$numberLong":"1554390131000"}}}
{"_id":{"$oid":"5cb29eaf7cd8d208e03c4014"},"tweet_id":{"$numberLong":"1113794148815994881"},"tweet_location":"United States","created_at":{"$date":{"$numberLong":"1554384193000"}}}
{"_id":{"$oid":"5cb29eaf7cd8d208e03c4015"},"tweet_id":{"$numberLong":"1113764718957813760"},"tweet_location":"United States","created_at":{"$date":{"$numberLong":"1554377176000"}}}
{"_id":{"$oid":"5cb29eaf7cd8d208e03c4016"},"tweet_id":{"$numberLong":"1113755127842779136"},"tweet_location":"none","created_at":{"$date":{"$numberLong":"1554374889000"}}}
{"_id":{"$oid":"5cb29eaf7cd8d208e03c4017"},"tweet_id":{"$numberLong":"1113736004123250690"},"tweet_location":"none","created_at":{"$date":{"$numberLong":"1554370330000"}}}
{"_id":{"$oid":"5cb29eb07cd8d208e03c4018"},"tweet_id":{"$numberLong":"1113735552635813888"},"tweet_location":"none","created_at":{"$date":{"$numberLong":"1554370222000"}}}
{"_id":{"$oid":"5cb29eb07cd8d208e03c4019"},"tweet_id":{"$numberLong":"1113683939913347072"},"tweet_location":"none","created_at":{"$date":{"$numberLong":"1554357917000"}}}
{"_id":{"$oid":"5cb29eb07cd8d208e03c401a"},"tweet_id":{"$numberLong":"1113592019358588928"},"tweet_location":"none","created_at":{"$date":{"$numberLong":"1554336001000"}}}
{"_id":{"$oid":"5cb29eb07cd8d208e03c401b"},"tweet_id":{"$numberLong":"1114556737665683458"},"tweet_location":"none","created_at":{"$date":{"$numberLong":"1554566008000"}}}
{"_id":{"$oid":"5cb29eb17cd8d208e03c401c"},"tweet_id":{"$numberLong":"1114551383468826624"},"tweet_location":"none","created_at":{"$date":{"$numberLong":"1554564731000"}}}
{"_id":{"$oid":"5cb29eb17cd8d208e03c401d"},"tweet_id":{"$numberLong":"1114518807199064064"},"tweet_location":"none","created_at":{"$date":{"$numberLong":"1554556965000"}}}
{"_id":{"$oid":"5cb29eb17cd8d208e03c401e"},"tweet_id":{"$numberLong":"1114487915134865408"},"tweet_location":"United States","created_at":{"$date":{"$numberLong":"1554549599000"}}}
{"_id":{"$oid":"5cb29eb17cd8d208e03c401f"},"tweet_id":{"$numberLong":"1114436357256957952"},"tweet_location":"none","created_at":{"$date":{"$numberLong":"1554537307000"}}}
{"_id":{"$oid":"5cb29eb17cd8d208e03c4020"},"tweet_id":{"$numberLong":"1114422013714751489"},"tweet_location":"none","created_at":{"$date":{"$numberLong":"1554533887000"}}}
{"_id":{"$oid":"5cb29eb17cd8d208e03c4021"},"tweet_id":{"$numberLong":"1114421812216176640"},"tweet_location":"none","created_at":{"$date":{"$numberLong":"1554533839000"}}}
{"_id":{"$oid":"5cb29eb17cd8d208e03c4022"},"tweet_id":{"$numberLong":"1114393288914526209"},"tweet_location":"none","created_at":{"$date":{"$numberLong":"1554527039000"}}}
{"_id":{"$oid":"5cb29eb27cd8d208e03c4023"},"tweet_id":{"$numberLong":"1115331730083340289"},"tweet_location":"United States","created_at":{"$date":{"$numberLong":"1554750780000"}}}
{"_id":{"$oid":"5cb29eb27cd8d208e03c4024"},"tweet_id":{"$numberLong":"1115325124025171968"},"tweet_location":"United States","created_at":{"$date":{"$numberLong":"1554749205000"}}}
{"_id":{"$oid":"5cb29eb27cd8d208e03c4025"},"tweet_id":{"$numberLong":"1115319425455017984"},"tweet_location":"none","created_at":{"$date":{"$numberLong":"1554747847000"}}}
{"_id":{"$oid":"5cb29eb27cd8d208e03c4026"},"tweet_id":{"$numberLong":"1115319347688419328"},"tweet_location":"none","created_at":{"$date":{"$numberLong":"1554747828000"}}}
{"_id":{"$oid":"5cb29eb27cd8d208e03c4027"},"tweet_id":{"$numberLong":"1115317340621680640"},"tweet_location":"none","created_at":{"$date":{"$numberLong":"1554747350000"}}}
{"_id":{"$oid":"5cb29eb27cd8d208e03c4028"},"tweet_id":{"$numberLong":"1115317051818639360"},"tweet_location":"none","created_at":{"$date":{"$numberLong":"1554747281000"}}}
{"_id":{"$oid":"5cb29eb27cd8d208e03c4029"},"tweet_id":{"$numberLong":"1115313271475773440"},"tweet_location":"none","created_at":{"$date":{"$numberLong":"1554746380000"}}}
{"_id":{"$oid":"5cb29eb27cd8d208e03c402a"},"tweet_id":{"$numberLong":"1115307510750220288"},"tweet_location":"none","created_at":{"$date":{"$numberLong":"1554745006000"}}}
{"_id":{"$oid":"5cb29eb27cd8d208e03c402b"},"tweet_id":{"$numberLong":"1115288817840189440"},"tweet_location":"none","created_at":{"$date":{"$numberLong":"1554740549000"}}}
{"_id":{"$oid":"5cb29eb37cd8d208e03c402c"},"tweet_id":{"$numberLong":"1115240360668585985"},"tweet_location":"none","created_at":{"$date":{"$numberLong":"1554728996000"}}}
{"_id":{"$oid":"5cb29eb37cd8d208e03c402d"},"tweet_id":{"$numberLong":"1115226958361649152"},"tweet_location":"Japan","created_at":{"$date":{"$numberLong":"1554725801000"}}}
{"_id":{"$oid":"5cb29eb37cd8d208e03c402e"},"tweet_id":{"$numberLong":"1115221538381471744"},"tweet_location":"none","created_at":{"$date":{"$numberLong":"1554724509000"}}}
{"_id":{"$oid":"5cb29eb37cd8d208e03c402f"},"tweet_id":{"$numberLong":"1115160124635602944"},"tweet_location":"none","created_at":{"$date":{"$numberLong":"1554709867000"}}}
{"_id":{"$oid":"5cb29eb37cd8d208e03c4030"},"tweet_id":{"$numberLong":"1115152442235080705"},"tweet_location":"none","created_at":{"$date":{"$numberLong":"1554708035000"}}}
{"_id":{"$oid":"5cb29eb37cd8d208e03c4031"},"tweet_id":{"$numberLong":"1115075779149225984"},"tweet_location":"none","created_at":{"$date":{"$numberLong":"1554689757000"}}}
{"_id":{"$oid":"5cb29eb37cd8d208e03c4032"},"tweet_id":{"$numberLong":"1115061386122547200"},"tweet_location":"United States","created_at":{"$date":{"$numberLong":"1554686325000"}}}
{"_id":{"$oid":"5cb29eb37cd8d208e03c4033"},"tweet_id":{"$numberLong":"1115057182293340160"},"tweet_location":"United States","created_at":{"$date":{"$numberLong":"1554685323000"}}}
{"_id":{"$oid":"5cb29eb47cd8d208e03c4034"},"tweet_id":{"$numberLong":"1116125925949591553"},"tweet_location":"Taiwan","created_at":{"$date":{"$numberLong":"1554940132000"}}}
{"_id":{"$oid":"5cb29eb47cd8d208e03c4035"},"tweet_id":{"$numberLong":"1116125800586104837"},"tweet_location":"Taiwan","created_at":{"$date":{"$numberLong":"1554940102000"}}}
{"_id":{"$oid":"5cb29eb47cd8d208e03c4036"},"tweet_id":{"$numberLong":"1116125720416145408"},"tweet_location":"Taiwan","created_at":{"$date":{"$numberLong":"1554940083000"}}}
{"_id":{"$oid":"5cb29eb47cd8d208e03c4037"},"tweet_id":{"$numberLong":"1116125513775378432"},"tweet_location":"Taiwan","created_at":{"$date":{"$numberLong":"1554940033000"}}}
{"_id":{"$oid":"5cb29eb57cd8d208e03c4038"},"tweet_id":{"$numberLong":"1116125265137025024"},"tweet_location":"Taiwan","created_at":{"$date":{"$numberLong":"1554939974000"}}}
{"_id":{"$oid":"5cb29eb57cd8d208e03c4039"},"tweet_id":{"$numberLong":"1116125162150088704"},"tweet_location":"Taiwan","created_at":{"$date":{"$numberLong":"1554939949000"}}}
{"_id":{"$oid":"5cb29eb57cd8d208e03c403a"},"tweet_id":{"$numberLong":"1116125059016351744"},"tweet_location":"Taiwan","created_at":{"$date":{"$numberLong":"1554939925000"}}}
{"_id":{"$oid":"5cb29eb67cd8d208e03c403b"},"tweet_id":{"$numberLong":"1116116733604106240"},"tweet_location":"France","created_at":{"$date":{"$numberLong":"1554937940000"}}}
{"_id":{"$oid":"5cb29eb67cd8d208e03c403c"},"tweet_id":{"$numberLong":"1116064560564322305"},"tweet_location":"none","created_at":{"$date":{"$numberLong":"1554925501000"}}}
{"_id":{"$oid":"5cb29eb67cd8d208e03c403d"},"tweet_id":{"$numberLong":"1116049323005841408"},"tweet_location":"none","created_at":{"$date":{"$numberLong":"1554921868000"}}}
{"_id":{"$oid":"5cb29eb67cd8d208e03c403e"},"tweet_id":{"$numberLong":"1116045583289147392"},"tweet_location":"Switzerland","created_at":{"$date":{"$numberLong":"1554920976000"}}}
{"_id":{"$oid":"5cb29eb77cd8d208e03c403f"},"tweet_id":{"$numberLong":"1116039840628387841"},"tweet_location":"Switzerland","created_at":{"$date":{"$numberLong":"1554919607000"}}}
{"_id":{"$oid":"5cb29eb77cd8d208e03c4040"},"tweet_id":{"$numberLong":"1116026468600037376"},"tweet_location":"none","created_at":{"$date":{"$numberLong":"1554916419000"}}}
{"_id":{"$oid":"5cb29eb77cd8d208e03c4041"},"tweet_id":{"$numberLong":"1116020448435802113"},"tweet_location":"none","created_at":{"$date":{"$numberLong":"1554914984000"}}}
{"_id":{"$oid":"5cb29eb77cd8d208e03c4042"},"tweet_id":{"$numberLong":"1116002709717639168"},"tweet_location":"none","created_at":{"$date":{"$numberLong":"1554910754000"}}}
{"_id":{"$oid":"5cb29eb77cd8d208e03c4043"},"tweet_id":{"$numberLong":"1115985147692818432"},"tweet_location":"United States","created_at":{"$date":{"$numberLong":"1554906567000"}}}
{"_id":{"$oid":"5cb29eb77cd8d208e03c4044"},"tweet_id":{"$numberLong":"1115979644849807362"},"tweet_location":"Germany","created_at":{"$date":{"$numberLong":"1554905255000"}}}
{"_id":{"$oid":"5cb29eb77cd8d208e03c4045"},"tweet_id":{"$numberLong":"1115960239029755905"},"tweet_location":"none","created_at":{"$date":{"$numberLong":"1554900629000"}}}
{"_id":{"$oid":"5cb29eb77cd8d208e03c4046"},"tweet_id":{"$numberLong":"1115931298558763011"},"tweet_location":"none","created_at":{"$date":{"$numberLong":"1554893729000"}}}
{"_id":{"$oid":"5cb29eb77cd8d208e03c4047"},"tweet_id":{"$numberLong":"1115893142631350272"},"tweet_location":"United States","created_at":{"$date":{"$numberLong":"1554884632000"}}}
{"_id":{"$oid":"5cb29eb77cd8d208e03c4048"},"tweet_id":{"$numberLong":"1115887284539351040"},"tweet_location":"none","created_at":{"$date":{"$numberLong":"1554883235000"}}}
{"_id":{"$oid":"5cb29eb87cd8d208e03c4049"},"tweet_id":{"$numberLong":"1115879616437211136"},"tweet_location":"United Kingdom","created_at":{"$date":{"$numberLong":"1554881407000"}}}
{"_id":{"$oid":"5cb29eb87cd8d208e03c404a"},"tweet_id":{"$numberLong":"1115860626163863553"},"tweet_location":"Taiwan","created_at":{"$date":{"$numberLong":"1554876879000"}}}
{"_id":{"$oid":"5cb29eb87cd8d208e03c404b"},"tweet_id":{"$numberLong":"1115860572699090944"},"tweet_location":"Taiwan","created_at":{"$date":{"$numberLong":"1554876866000"}}}
{"_id":{"$oid":"5cb29eb87cd8d208e03c404c"},"tweet_id":{"$numberLong":"1115860519133511680"},"tweet_location":"Taiwan","created_at":{"$date":{"$numberLong":"1554876854000"}}}
{"_id":{"$oid":"5cb29eb97cd8d208e03c404d"},"tweet_id":{"$numberLong":"1115860448740618241"},"tweet_location":"Taiwan","created_at":{"$date":{"$numberLong":"1554876837000"}}}
{"_id":{"$oid":"5cb29eb97cd8d208e03c404e"},"tweet_id":{"$numberLong":"1115860292796284930"},"tweet_location":"Taiwan","created_at":{"$date":{"$numberLong":"1554876800000"}}}
{"_id":{"$oid":"5cb29eb97cd8d208e03c404f"},"tweet_id":{"$numberLong":"1115860221061156866"},"tweet_location":"Taiwan","created_at":{"$date":{"$numberLong":"1554876783000"}}}
{"_id":{"$oid":"5cb29eb97cd8d208e03c4050"},"tweet_id":{"$numberLong":"1115860120892841984"},"tweet_location":"Taiwan","created_at":{"$date":{"$numberLong":"1554876759000"}}}
{"_id":{"$oid":"5cb29eba7cd8d208e03c4051"},"tweet_id":{"$numberLong":"1115860011891286016"},"tweet_location":"Taiwan","created_at":{"$date":{"$numberLong":"1554876733000"}}}
{"_id":{"$oid":"5cb29eba7cd8d208e03c4052"},"tweet_id":{"$numberLong":"1115859755103342594"},"tweet_location":"Taiwan","created_at":{"$date":{"$numberLong":"1554876671000"}}}
{"_id":{"$oid":"5cb29eba7cd8d208e03c4053"},"tweet_id":{"$numberLong":"1115859001508544512"},"tweet_location":"none","created_at":{"$date":{"$numberLong":"1554876492000"}}}
{"_id":{"$oid":"5cb29ebb7cd8d208e03c4054"},"tweet_id":{"$numberLong":"1115858933078470656"},"tweet_location":"none","created_at":{"$date":{"$numberLong":"1554876475000"}}}
{"_id":{"$oid":"5cb29ebb7cd8d208e03c4055"},"tweet_id":{"$numberLong":"1115847176922464257"},"tweet_location":"Japan","created_at":{"$date":{"$numberLong":"1554873673000"}}}
{"_id":{"$oid":"5cb29ebb7cd8d208e03c4056"},"tweet_id":{"$numberLong":"1115814968400728064"},"tweet_location":"none","created_at":{"$date":{"$numberLong":"1554865993000"}}}
