{"_id":{"$oid":"5cb29f717cd8d208e03c4426"},"tweet_id":{"$numberLong":"1100901509514944512"},"tweet_location":"Indonesia","created_at":{"$date":{"$numberLong":"1551310348000"}}}
{"_id":{"$oid":"5cb29f717cd8d208e03c4427"},"tweet_id":{"$numberLong":"1100874816578613248"},"tweet_location":"none","created_at":{"$date":{"$numberLong":"1551303984000"}}}
{"_id":{"$oid":"5cb29f727cd8d208e03c4428"},"tweet_id":{"$numberLong":"1100835666160627712"},"tweet_location":"none","created_at":{"$date":{"$numberLong":"1551294650000"}}}
{"_id":{"$oid":"5cb29f727cd8d208e03c4429"},"tweet_id":{"$numberLong":"1100833362552471552"},"tweet_location":"United States","created_at":{"$date":{"$numberLong":"1551294100000"}}}
{"_id":{"$oid":"5cb29f727cd8d208e03c442a"},"tweet_id":{"$numberLong":"1100832555308384256"},"tweet_location":"none","created_at":{"$date":{"$numberLong":"1551293908000"}}}
{"_id":{"$oid":"5cb29f727cd8d208e03c442b"},"tweet_id":{"$numberLong":"1100812190351642624"},"tweet_location":"United States","created_at":{"$date":{"$numberLong":"1551289052000"}}}
{"_id":{"$oid":"5cb29f727cd8d208e03c442c"},"tweet_id":{"$numberLong":"1100802755910868995"},"tweet_location":"none","created_at":{"$date":{"$numberLong":"1551286803000"}}}
{"_id":{"$oid":"5cb29f737cd8d208e03c442d"},"tweet_id":{"$numberLong":"1100793484804583425"},"tweet_location":"none","created_at":{"$date":{"$numberLong":"1551284593000"}}}
{"_id":{"$oid":"5cb29f737cd8d208e03c442e"},"tweet_id":{"$numberLong":"1100787642453524480"},"tweet_location":"United States","created_at":{"$date":{"$numberLong":"1551283200000"}}}
{"_id":{"$oid":"5cb29f737cd8d208e03c442f"},"tweet_id":{"$numberLong":"1100786873541120000"},"tweet_location":"United States","created_at":{"$date":{"$numberLong":"1551283016000"}}}
{"_id":{"$oid":"5cb29f737cd8d208e03c4430"},"tweet_id":{"$numberLong":"1100782876021452800"},"tweet_location":"none","created_at":{"$date":{"$numberLong":"1551282063000"}}}
{"_id":{"$oid":"5cb29f747cd8d208e03c4431"},"tweet_id":{"$numberLong":"1100769957019828224"},"tweet_location":"none","created_at":{"$date":{"$numberLong":"1551278983000"}}}
{"_id":{"$oid":"5cb29f747cd8d208e03c4432"},"tweet_id":{"$numberLong":"1101597370868031488"},"tweet_location":"United States","created_at":{"$date":{"$numberLong":"1551476254000"}}}
{"_id":{"$oid":"5cb29f747cd8d208e03c4433"},"tweet_id":{"$numberLong":"1101596087704584193"},"tweet_location":"United States","created_at":{"$date":{"$numberLong":"1551475948000"}}}
{"_id":{"$oid":"5cb29f757cd8d208e03c4434"},"tweet_id":{"$numberLong":"1101584835523629056"},"tweet_location":"none","created_at":{"$date":{"$numberLong":"1551473265000"}}}
{"_id":{"$oid":"5cb29f757cd8d208e03c4435"},"tweet_id":{"$numberLong":"1101581803356385280"},"tweet_location":"none","created_at":{"$date":{"$numberLong":"1551472542000"}}}
{"_id":{"$oid":"5cb29f757cd8d208e03c4436"},"tweet_id":{"$numberLong":"1101572720880427015"},"tweet_location":"none","created_at":{"$date":{"$numberLong":"1551470377000"}}}
{"_id":{"$oid":"5cb29f757cd8d208e03c4437"},"tweet_id":{"$numberLong":"1101571371023314945"},"tweet_location":"none","created_at":{"$date":{"$numberLong":"1551470055000"}}}
{"_id":{"$oid":"5cb29f757cd8d208e03c4438"},"tweet_id":{"$numberLong":"1101550560849920003"},"tweet_location":"none","created_at":{"$date":{"$numberLong":"1551465094000"}}}
{"_id":{"$oid":"5cb29f757cd8d208e03c4439"},"tweet_id":{"$numberLong":"1101542727181729797"},"tweet_location":"none","created_at":{"$date":{"$numberLong":"1551463226000"}}}
{"_id":{"$oid":"5cb29f757cd8d208e03c443a"},"tweet_id":{"$numberLong":"1101541642182377472"},"tweet_location":"none","created_at":{"$date":{"$numberLong":"1551462967000"}}}
{"_id":{"$oid":"5cb29f767cd8d208e03c443b"},"tweet_id":{"$numberLong":"1101532246396276736"},"tweet_location":"United States","created_at":{"$date":{"$numberLong":"1551460727000"}}}
{"_id":{"$oid":"5cb29f767cd8d208e03c443c"},"tweet_id":{"$numberLong":"1101530284976046081"},"tweet_location":"none","created_at":{"$date":{"$numberLong":"1551460260000"}}}
{"_id":{"$oid":"5cb29f767cd8d208e03c443d"},"tweet_id":{"$numberLong":"1101529836252811265"},"tweet_location":"United States","created_at":{"$date":{"$numberLong":"1551460153000"}}}
{"_id":{"$oid":"5cb29f767cd8d208e03c443e"},"tweet_id":{"$numberLong":"1101528757733482496"},"tweet_location":"none","created_at":{"$date":{"$numberLong":"1551459895000"}}}
{"_id":{"$oid":"5cb29f767cd8d208e03c443f"},"tweet_id":{"$numberLong":"1101515856998215686"},"tweet_location":"United States","created_at":{"$date":{"$numberLong":"1551456820000"}}}
{"_id":{"$oid":"5cb29f767cd8d208e03c4440"},"tweet_id":{"$numberLong":"1101506113651044353"},"tweet_location":"Norway","created_at":{"$date":{"$numberLong":"1551454497000"}}}
{"_id":{"$oid":"5cb29f777cd8d208e03c4441"},"tweet_id":{"$numberLong":"1101505999352020992"},"tweet_location":"United States","created_at":{"$date":{"$numberLong":"1551454469000"}}}
{"_id":{"$oid":"5cb29f777cd8d208e03c4442"},"tweet_id":{"$numberLong":"1101499508741963776"},"tweet_location":"none","created_at":{"$date":{"$numberLong":"1551452922000"}}}
{"_id":{"$oid":"5cb29f777cd8d208e03c4443"},"tweet_id":{"$numberLong":"1101497822170542080"},"tweet_location":"none","created_at":{"$date":{"$numberLong":"1551452520000"}}}
{"_id":{"$oid":"5cb29f777cd8d208e03c4444"},"tweet_id":{"$numberLong":"1101496154724786177"},"tweet_location":"none","created_at":{"$date":{"$numberLong":"1551452122000"}}}
{"_id":{"$oid":"5cb29f777cd8d208e03c4445"},"tweet_id":{"$numberLong":"1101489544313004034"},"tweet_location":"none","created_at":{"$date":{"$numberLong":"1551450546000"}}}
{"_id":{"$oid":"5cb29f777cd8d208e03c4446"},"tweet_id":{"$numberLong":"1101445313791963136"},"tweet_location":"Nepal","created_at":{"$date":{"$numberLong":"1551440001000"}}}
{"_id":{"$oid":"5cb29f777cd8d208e03c4447"},"tweet_id":{"$numberLong":"1101435389175312385"},"tweet_location":"none","created_at":{"$date":{"$numberLong":"1551437635000"}}}
{"_id":{"$oid":"5cb29f787cd8d208e03c4448"},"tweet_id":{"$numberLong":"1101397227392720897"},"tweet_location":"United States","created_at":{"$date":{"$numberLong":"1551428536000"}}}
{"_id":{"$oid":"5cb29f787cd8d208e03c4449"},"tweet_id":{"$numberLong":"1101392285596639232"},"tweet_location":"none","created_at":{"$date":{"$numberLong":"1551427358000"}}}
{"_id":{"$oid":"5cb29f787cd8d208e03c444a"},"tweet_id":{"$numberLong":"1101383283667922944"},"tweet_location":"none","created_at":{"$date":{"$numberLong":"1551425212000"}}}
{"_id":{"$oid":"5cb29f787cd8d208e03c444b"},"tweet_id":{"$numberLong":"1101383145557909505"},"tweet_location":"none","created_at":{"$date":{"$numberLong":"1551425179000"}}}
{"_id":{"$oid":"5cb29f787cd8d208e03c444c"},"tweet_id":{"$numberLong":"1101381673470451713"},"tweet_location":"none","created_at":{"$date":{"$numberLong":"1551424828000"}}}
{"_id":{"$oid":"5cb29f787cd8d208e03c444d"},"tweet_id":{"$numberLong":"1101381399477514241"},"tweet_location":"none","created_at":{"$date":{"$numberLong":"1551424762000"}}}
{"_id":{"$oid":"5cb29f797cd8d208e03c444e"},"tweet_id":{"$numberLong":"1101376640125362177"},"tweet_location":"Pakistan","created_at":{"$date":{"$numberLong":"1551423628000"}}}
{"_id":{"$oid":"5cb29f797cd8d208e03c444f"},"tweet_id":{"$numberLong":"1101338333605756930"},"tweet_location":"none","created_at":{"$date":{"$numberLong":"1551414495000"}}}
{"_id":{"$oid":"5cb29f797cd8d208e03c4450"},"tweet_id":{"$numberLong":"1101322491514011648"},"tweet_location":"none","created_at":{"$date":{"$numberLong":"1551410718000"}}}
{"_id":{"$oid":"5cb29f797cd8d208e03c4451"},"tweet_id":{"$numberLong":"1101322406667452416"},"tweet_location":"Norway","created_at":{"$date":{"$numberLong":"1551410697000"}}}
{"_id":{"$oid":"5cb29f797cd8d208e03c4452"},"tweet_id":{"$numberLong":"1101316125923704833"},"tweet_location":"none","created_at":{"$date":{"$numberLong":"1551409200000"}}}
{"_id":{"$oid":"5cb29f797cd8d208e03c4453"},"tweet_id":{"$numberLong":"1101316124950646786"},"tweet_location":"none","created_at":{"$date":{"$numberLong":"1551409200000"}}}
{"_id":{"$oid":"5cb29f7a7cd8d208e03c4454"},"tweet_id":{"$numberLong":"1101301535932366849"},"tweet_location":"none","created_at":{"$date":{"$numberLong":"1551405722000"}}}
{"_id":{"$oid":"5cb29f7a7cd8d208e03c4455"},"tweet_id":{"$numberLong":"1101278992269799429"},"tweet_location":"Norway","created_at":{"$date":{"$numberLong":"1551400347000"}}}
{"_id":{"$oid":"5cb29f7a7cd8d208e03c4456"},"tweet_id":{"$numberLong":"1102346185468080128"},"tweet_location":"United States","created_at":{"$date":{"$numberLong":"1551654785000"}}}
{"_id":{"$oid":"5cb29f7a7cd8d208e03c4457"},"tweet_id":{"$numberLong":"1102339377726918657"},"tweet_location":"United States","created_at":{"$date":{"$numberLong":"1551653162000"}}}
{"_id":{"$oid":"5cb29f7b7cd8d208e03c4458"},"tweet_id":{"$numberLong":"1102336555706929153"},"tweet_location":"United States","created_at":{"$date":{"$numberLong":"1551652489000"}}}
{"_id":{"$oid":"5cb29f7b7cd8d208e03c4459"},"tweet_id":{"$numberLong":"1102253636808249345"},"tweet_location":"none","created_at":{"$date":{"$numberLong":"1551632720000"}}}
{"_id":{"$oid":"5cb29f7b7cd8d208e03c445a"},"tweet_id":{"$numberLong":"1102231866306834432"},"tweet_location":"none","created_at":{"$date":{"$numberLong":"1551627530000"}}}
{"_id":{"$oid":"5cb29f7b7cd8d208e03c445b"},"tweet_id":{"$numberLong":"1102229688167075840"},"tweet_location":"none","created_at":{"$date":{"$numberLong":"1551627010000"}}}
{"_id":{"$oid":"5cb29f7b7cd8d208e03c445c"},"tweet_id":{"$numberLong":"1102198472197980162"},"tweet_location":"none","created_at":{"$date":{"$numberLong":"1551619568000"}}}
{"_id":{"$oid":"5cb29f7c7cd8d208e03c445d"},"tweet_id":{"$numberLong":"1102175078073204737"},"tweet_location":"United States","created_at":{"$date":{"$numberLong":"1551613990000"}}}
{"_id":{"$oid":"5cb29f7c7cd8d208e03c445e"},"tweet_id":{"$numberLong":"1102161517858832385"},"tweet_location":"none","created_at":{"$date":{"$numberLong":"1551610757000"}}}
{"_id":{"$oid":"5cb29f7c7cd8d208e03c445f"},"tweet_id":{"$numberLong":"1102159453556695040"},"tweet_location":"none","created_at":{"$date":{"$numberLong":"1551610265000"}}}
{"_id":{"$oid":"5cb29f7c7cd8d208e03c4460"},"tweet_id":{"$numberLong":"1102155698354315265"},"tweet_location":"none","created_at":{"$date":{"$numberLong":"1551609370000"}}}
{"_id":{"$oid":"5cb29f7c7cd8d208e03c4461"},"tweet_id":{"$numberLong":"1102150230009536512"},"tweet_location":"none","created_at":{"$date":{"$numberLong":"1551608066000"}}}
{"_id":{"$oid":"5cb29f7c7cd8d208e03c4462"},"tweet_id":{"$numberLong":"1102149629834014721"},"tweet_location":"none","created_at":{"$date":{"$numberLong":"1551607923000"}}}
{"_id":{"$oid":"5cb29f7c7cd8d208e03c4463"},"tweet_id":{"$numberLong":"1102147774735310848"},"tweet_location":"none","created_at":{"$date":{"$numberLong":"1551607481000"}}}
{"_id":{"$oid":"5cb29f7c7cd8d208e03c4464"},"tweet_id":{"$numberLong":"1102145343343325185"},"tweet_location":"none","created_at":{"$date":{"$numberLong":"1551606901000"}}}
{"_id":{"$oid":"5cb29f7d7cd8d208e03c4465"},"tweet_id":{"$numberLong":"1102091592536637441"},"tweet_location":"none","created_at":{"$date":{"$numberLong":"1551594086000"}}}
{"_id":{"$oid":"5cb29f7d7cd8d208e03c4466"},"tweet_id":{"$numberLong":"1102059776702406656"},"tweet_location":"United States","created_at":{"$date":{"$numberLong":"1551586500000"}}}
{"_id":{"$oid":"5cb29f7d7cd8d208e03c4467"},"tweet_id":{"$numberLong":"1102042076353622022"},"tweet_location":"none","created_at":{"$date":{"$numberLong":"1551582280000"}}}
{"_id":{"$oid":"5cb29f7d7cd8d208e03c4468"},"tweet_id":{"$numberLong":"1103074796567445507"},"tweet_location":"Uruguay","created_at":{"$date":{"$numberLong":"1551828500000"}}}
{"_id":{"$oid":"5cb29f7e7cd8d208e03c4469"},"tweet_id":{"$numberLong":"1102960482393223168"},"tweet_location":"United States","created_at":{"$date":{"$numberLong":"1551801245000"}}}
{"_id":{"$oid":"5cb29f7e7cd8d208e03c446a"},"tweet_id":{"$numberLong":"1102950343435055105"},"tweet_location":"United Kingdom","created_at":{"$date":{"$numberLong":"1551798828000"}}}
{"_id":{"$oid":"5cb29f7e7cd8d208e03c446b"},"tweet_id":{"$numberLong":"1102911422621605888"},"tweet_location":"Indonesia","created_at":{"$date":{"$numberLong":"1551789548000"}}}
{"_id":{"$oid":"5cb29f7e7cd8d208e03c446c"},"tweet_id":{"$numberLong":"1102894323496939521"},"tweet_location":"Philippines","created_at":{"$date":{"$numberLong":"1551785472000"}}}
{"_id":{"$oid":"5cb29f7e7cd8d208e03c446d"},"tweet_id":{"$numberLong":"1102882898267566080"},"tweet_location":"United States","created_at":{"$date":{"$numberLong":"1551782748000"}}}
{"_id":{"$oid":"5cb29f7f7cd8d208e03c446e"},"tweet_id":{"$numberLong":"1102872909406785537"},"tweet_location":"United States","created_at":{"$date":{"$numberLong":"1551780366000"}}}
{"_id":{"$oid":"5cb29f7f7cd8d208e03c446f"},"tweet_id":{"$numberLong":"1102871375885332480"},"tweet_location":"none","created_at":{"$date":{"$numberLong":"1551780001000"}}}
{"_id":{"$oid":"5cb29f7f7cd8d208e03c4470"},"tweet_id":{"$numberLong":"1102871372567502851"},"tweet_location":"none","created_at":{"$date":{"$numberLong":"1551780000000"}}}
{"_id":{"$oid":"5cb29f7f7cd8d208e03c4471"},"tweet_id":{"$numberLong":"1102871088827064321"},"tweet_location":"none","created_at":{"$date":{"$numberLong":"1551779932000"}}}
{"_id":{"$oid":"5cb29f7f7cd8d208e03c4472"},"tweet_id":{"$numberLong":"1102870252726050816"},"tweet_location":"none","created_at":{"$date":{"$numberLong":"1551779733000"}}}
{"_id":{"$oid":"5cb29f7f7cd8d208e03c4473"},"tweet_id":{"$numberLong":"1102827407256383488"},"tweet_location":"none","created_at":{"$date":{"$numberLong":"1551769518000"}}}
{"_id":{"$oid":"5cb29f807cd8d208e03c4474"},"tweet_id":{"$numberLong":"1102804420134232064"},"tweet_location":"Indonesia","created_at":{"$date":{"$numberLong":"1551764037000"}}}
{"_id":{"$oid":"5cb29f807cd8d208e03c4475"},"tweet_id":{"$numberLong":"1102759865464827904"},"tweet_location":"none","created_at":{"$date":{"$numberLong":"1551753414000"}}}
{"_id":{"$oid":"5cb29f807cd8d208e03c4476"},"tweet_id":{"$numberLong":"1102757311645274112"},"tweet_location":"none","created_at":{"$date":{"$numberLong":"1551752805000"}}}
{"_id":{"$oid":"5cb29f807cd8d208e03c4477"},"tweet_id":{"$numberLong":"1102720573782872065"},"tweet_location":"none","created_at":{"$date":{"$numberLong":"1551744047000"}}}
{"_id":{"$oid":"5cb29f807cd8d208e03c4478"},"tweet_id":{"$numberLong":"1103794406442840064"},"tweet_location":"none","created_at":{"$date":{"$numberLong":"1552000068000"}}}
{"_id":{"$oid":"5cb29f807cd8d208e03c4479"},"tweet_id":{"$numberLong":"1103794330748121089"},"tweet_location":"none","created_at":{"$date":{"$numberLong":"1552000050000"}}}
{"_id":{"$oid":"5cb29f817cd8d208e03c447a"},"tweet_id":{"$numberLong":"1103781895991685131"},"tweet_location":"none","created_at":{"$date":{"$numberLong":"1551997085000"}}}
{"_id":{"$oid":"5cb29f817cd8d208e03c447b"},"tweet_id":{"$numberLong":"1103703287675711489"},"tweet_location":"none","created_at":{"$date":{"$numberLong":"1551978344000"}}}
{"_id":{"$oid":"5cb29f817cd8d208e03c447c"},"tweet_id":{"$numberLong":"1103687195871928320"},"tweet_location":"Italy","created_at":{"$date":{"$numberLong":"1551974507000"}}}
{"_id":{"$oid":"5cb29f817cd8d208e03c447d"},"tweet_id":{"$numberLong":"1103671633162706947"},"tweet_location":"none","created_at":{"$date":{"$numberLong":"1551970797000"}}}
{"_id":{"$oid":"5cb29f817cd8d208e03c447e"},"tweet_id":{"$numberLong":"1103660464142278656"},"tweet_location":"none","created_at":{"$date":{"$numberLong":"1551968134000"}}}
{"_id":{"$oid":"5cb29f827cd8d208e03c447f"},"tweet_id":{"$numberLong":"1103602570071814149"},"tweet_location":"United States","created_at":{"$date":{"$numberLong":"1551954331000"}}}
{"_id":{"$oid":"5cb29f827cd8d208e03c4480"},"tweet_id":{"$numberLong":"1103594928062513152"},"tweet_location":"United States","created_at":{"$date":{"$numberLong":"1551952509000"}}}
{"_id":{"$oid":"5cb29f827cd8d208e03c4481"},"tweet_id":{"$numberLong":"1103542162011160576"},"tweet_location":"none","created_at":{"$date":{"$numberLong":"1551939928000"}}}
{"_id":{"$oid":"5cb29f827cd8d208e03c4482"},"tweet_id":{"$numberLong":"1103511241962807296"},"tweet_location":"none","created_at":{"$date":{"$numberLong":"1551932556000"}}}
{"_id":{"$oid":"5cb29f827cd8d208e03c4483"},"tweet_id":{"$numberLong":"1103504446020042752"},"tweet_location":"none","created_at":{"$date":{"$numberLong":"1551930936000"}}}
{"_id":{"$oid":"5cb29f837cd8d208e03c4484"},"tweet_id":{"$numberLong":"1103503818661064705"},"tweet_location":"Malaysia","created_at":{"$date":{"$numberLong":"1551930787000"}}}
{"_id":{"$oid":"5cb29f837cd8d208e03c4485"},"tweet_id":{"$numberLong":"1103493430687105025"},"tweet_location":"Malaysia","created_at":{"$date":{"$numberLong":"1551928310000"}}}
{"_id":{"$oid":"5cb29f837cd8d208e03c4486"},"tweet_id":{"$numberLong":"1103482668522516480"},"tweet_location":"none","created_at":{"$date":{"$numberLong":"1551925744000"}}}
{"_id":{"$oid":"5cb29f847cd8d208e03c4487"},"tweet_id":{"$numberLong":"1103473773779402754"},"tweet_location":"Philippines","created_at":{"$date":{"$numberLong":"1551923623000"}}}
{"_id":{"$oid":"5cb29f847cd8d208e03c4488"},"tweet_id":{"$numberLong":"1103448813132382208"},"tweet_location":"none","created_at":{"$date":{"$numberLong":"1551917672000"}}}
{"_id":{"$oid":"5cb29f847cd8d208e03c4489"},"tweet_id":{"$numberLong":"1104528264700153856"},"tweet_location":"United States","created_at":{"$date":{"$numberLong":"1552175034000"}}}
{"_id":{"$oid":"5cb29f847cd8d208e03c448a"},"tweet_id":{"$numberLong":"1104505499284848643"},"tweet_location":"United States","created_at":{"$date":{"$numberLong":"1552169606000"}}}
{"_id":{"$oid":"5cb29f857cd8d208e03c448b"},"tweet_id":{"$numberLong":"1104505229763072005"},"tweet_location":"United States","created_at":{"$date":{"$numberLong":"1552169542000"}}}
{"_id":{"$oid":"5cb29f857cd8d208e03c448c"},"tweet_id":{"$numberLong":"1104454273071493120"},"tweet_location":"none","created_at":{"$date":{"$numberLong":"1552157393000"}}}
{"_id":{"$oid":"5cb29f857cd8d208e03c448d"},"tweet_id":{"$numberLong":"1104420864538365952"},"tweet_location":"United States","created_at":{"$date":{"$numberLong":"1552149427000"}}}
{"_id":{"$oid":"5cb29f857cd8d208e03c448e"},"tweet_id":{"$numberLong":"1104406157685338112"},"tweet_location":"United States","created_at":{"$date":{"$numberLong":"1552145921000"}}}
{"_id":{"$oid":"5cb29f867cd8d208e03c448f"},"tweet_id":{"$numberLong":"1104398444083306497"},"tweet_location":"Indonesia","created_at":{"$date":{"$numberLong":"1552144082000"}}}
{"_id":{"$oid":"5cb29f867cd8d208e03c4490"},"tweet_id":{"$numberLong":"1104357435240824832"},"tweet_location":"none","created_at":{"$date":{"$numberLong":"1552134305000"}}}
{"_id":{"$oid":"5cb29f867cd8d208e03c4491"},"tweet_id":{"$numberLong":"1104333879962406914"},"tweet_location":"none","created_at":{"$date":{"$numberLong":"1552128689000"}}}
{"_id":{"$oid":"5cb29f867cd8d208e03c4492"},"tweet_id":{"$numberLong":"1105236400180469763"},"tweet_location":"none","created_at":{"$date":{"$numberLong":"1552343866000"}}}
{"_id":{"$oid":"5cb29f877cd8d208e03c4493"},"tweet_id":{"$numberLong":"1105236283293687808"},"tweet_location":"none","created_at":{"$date":{"$numberLong":"1552343838000"}}}
{"_id":{"$oid":"5cb29f877cd8d208e03c4494"},"tweet_id":{"$numberLong":"1105235068149264385"},"tweet_location":"United Arab Emirates","created_at":{"$date":{"$numberLong":"1552343549000"}}}
{"_id":{"$oid":"5cb29f877cd8d208e03c4495"},"tweet_id":{"$numberLong":"1105232898830098432"},"tweet_location":"none","created_at":{"$date":{"$numberLong":"1552343031000"}}}
{"_id":{"$oid":"5cb29f887cd8d208e03c4496"},"tweet_id":{"$numberLong":"1105232461754179584"},"tweet_location":"Switzerland","created_at":{"$date":{"$numberLong":"1552342927000"}}}
{"_id":{"$oid":"5cb29f887cd8d208e03c4497"},"tweet_id":{"$numberLong":"1105214244503646210"},"tweet_location":"none","created_at":{"$date":{"$numberLong":"1552338584000"}}}
{"_id":{"$oid":"5cb29f887cd8d208e03c4498"},"tweet_id":{"$numberLong":"1105197154178523136"},"tweet_location":"United States","created_at":{"$date":{"$numberLong":"1552334509000"}}}
{"_id":{"$oid":"5cb29f887cd8d208e03c4499"},"tweet_id":{"$numberLong":"1105172333029982209"},"tweet_location":"United States","created_at":{"$date":{"$numberLong":"1552328591000"}}}
{"_id":{"$oid":"5cb29f887cd8d208e03c449a"},"tweet_id":{"$numberLong":"1105170386256257025"},"tweet_location":"none","created_at":{"$date":{"$numberLong":"1552328127000"}}}
{"_id":{"$oid":"5cb29f887cd8d208e03c449b"},"tweet_id":{"$numberLong":"1105170302852521989"},"tweet_location":"none","created_at":{"$date":{"$numberLong":"1552328107000"}}}
{"_id":{"$oid":"5cb29f897cd8d208e03c449c"},"tweet_id":{"$numberLong":"1105169770280902657"},"tweet_location":"Singapore","created_at":{"$date":{"$numberLong":"1552327980000"}}}
{"_id":{"$oid":"5cb29f897cd8d208e03c449d"},"tweet_id":{"$numberLong":"1105168639089627136"},"tweet_location":"none","created_at":{"$date":{"$numberLong":"1552327711000"}}}
{"_id":{"$oid":"5cb29f897cd8d208e03c449e"},"tweet_id":{"$numberLong":"1105161597553647616"},"tweet_location":"United States","created_at":{"$date":{"$numberLong":"1552326032000"}}}
{"_id":{"$oid":"5cb29f897cd8d208e03c449f"},"tweet_id":{"$numberLong":"1105154116102152193"},"tweet_location":"none","created_at":{"$date":{"$numberLong":"1552324248000"}}}
{"_id":{"$oid":"5cb29f8a7cd8d208e03c44a0"},"tweet_id":{"$numberLong":"1105146283021529088"},"tweet_location":"United States","created_at":{"$date":{"$numberLong":"1552322381000"}}}
{"_id":{"$oid":"5cb29f8a7cd8d208e03c44a1"},"tweet_id":{"$numberLong":"1105137883046989824"},"tweet_location":"none","created_at":{"$date":{"$numberLong":"1552320378000"}}}
{"_id":{"$oid":"5cb29f8a7cd8d208e03c44a2"},"tweet_id":{"$numberLong":"1105136300192161793"},"tweet_location":"none","created_at":{"$date":{"$numberLong":"1552320001000"}}}
{"_id":{"$oid":"5cb29f8a7cd8d208e03c44a3"},"tweet_id":{"$numberLong":"1105136299940478976"},"tweet_location":"none","created_at":{"$date":{"$numberLong":"1552320001000"}}}
{"_id":{"$oid":"5cb29f8a7cd8d208e03c44a4"},"tweet_id":{"$numberLong":"1105122779458949120"},"tweet_location":"none","created_at":{"$date":{"$numberLong":"1552316777000"}}}
{"_id":{"$oid":"5cb29f8a7cd8d208e03c44a5"},"tweet_id":{"$numberLong":"1105116510844944385"},"tweet_location":"none","created_at":{"$date":{"$numberLong":"1552315282000"}}}
{"_id":{"$oid":"5cb29f8a7cd8d208e03c44a6"},"tweet_id":{"$numberLong":"1105116053221175296"},"tweet_location":"none","created_at":{"$date":{"$numberLong":"1552315173000"}}}
{"_id":{"$oid":"5cb29f8a7cd8d208e03c44a7"},"tweet_id":{"$numberLong":"1105115705911926784"},"tweet_location":"none","created_at":{"$date":{"$numberLong":"1552315091000"}}}
{"_id":{"$oid":"5cb29f8b7cd8d208e03c44a8"},"tweet_id":{"$numberLong":"1105115533790273538"},"tweet_location":"none","created_at":{"$date":{"$numberLong":"1552315049000"}}}
{"_id":{"$oid":"5cb29f8b7cd8d208e03c44a9"},"tweet_id":{"$numberLong":"1105112341035704321"},"tweet_location":"none","created_at":{"$date":{"$numberLong":"1552314288000"}}}
{"_id":{"$oid":"5cb29f8b7cd8d208e03c44aa"},"tweet_id":{"$numberLong":"1105109739938242560"},"tweet_location":"United States","created_at":{"$date":{"$numberLong":"1552313668000"}}}
{"_id":{"$oid":"5cb29f8b7cd8d208e03c44ab"},"tweet_id":{"$numberLong":"1105096989853868032"},"tweet_location":"none","created_at":{"$date":{"$numberLong":"1552310628000"}}}
{"_id":{"$oid":"5cb29f8b7cd8d208e03c44ac"},"tweet_id":{"$numberLong":"1105085989805002752"},"tweet_location":"none","created_at":{"$date":{"$numberLong":"1552308006000"}}}
{"_id":{"$oid":"5cb29f8b7cd8d208e03c44ad"},"tweet_id":{"$numberLong":"1105082109574537217"},"tweet_location":"none","created_at":{"$date":{"$numberLong":"1552307081000"}}}
{"_id":{"$oid":"5cb29f8b7cd8d208e03c44ae"},"tweet_id":{"$numberLong":"1105079082918699009"},"tweet_location":"none","created_at":{"$date":{"$numberLong":"1552306359000"}}}
{"_id":{"$oid":"5cb29f8c7cd8d208e03c44af"},"tweet_id":{"$numberLong":"1105077211806150656"},"tweet_location":"none","created_at":{"$date":{"$numberLong":"1552305913000"}}}
{"_id":{"$oid":"5cb29f8c7cd8d208e03c44b0"},"tweet_id":{"$numberLong":"1105073039862128642"},"tweet_location":"United States","created_at":{"$date":{"$numberLong":"1552304918000"}}}
{"_id":{"$oid":"5cb29f8c7cd8d208e03c44b1"},"tweet_id":{"$numberLong":"1105064177675075585"},"tweet_location":"United Kingdom","created_at":{"$date":{"$numberLong":"1552302805000"}}}
{"_id":{"$oid":"5cb29f8c7cd8d208e03c44b2"},"tweet_id":{"$numberLong":"1105062219090255872"},"tweet_location":"United Kingdom","created_at":{"$date":{"$numberLong":"1552302338000"}}}
{"_id":{"$oid":"5cb29f8c7cd8d208e03c44b3"},"tweet_id":{"$numberLong":"1105049621443731456"},"tweet_location":"none","created_at":{"$date":{"$numberLong":"1552299335000"}}}
{"_id":{"$oid":"5cb29f8d7cd8d208e03c44b4"},"tweet_id":{"$numberLong":"1105049183390560257"},"tweet_location":"none","created_at":{"$date":{"$numberLong":"1552299230000"}}}
{"_id":{"$oid":"5cb29f8d7cd8d208e03c44b5"},"tweet_id":{"$numberLong":"1105048982831558656"},"tweet_location":"none","created_at":{"$date":{"$numberLong":"1552299182000"}}}
{"_id":{"$oid":"5cb29f8d7cd8d208e03c44b6"},"tweet_id":{"$numberLong":"1105048794591191043"},"tweet_location":"none","created_at":{"$date":{"$numberLong":"1552299138000"}}}
{"_id":{"$oid":"5cb29f8d7cd8d208e03c44b7"},"tweet_id":{"$numberLong":"1105047339197059072"},"tweet_location":"none","created_at":{"$date":{"$numberLong":"1552298791000"}}}
{"_id":{"$oid":"5cb29f8d7cd8d208e03c44b8"},"tweet_id":{"$numberLong":"1105046261785276417"},"tweet_location":"none","created_at":{"$date":{"$numberLong":"1552298534000"}}}
{"_id":{"$oid":"5cb29f8d7cd8d208e03c44b9"},"tweet_id":{"$numberLong":"1105041351542861825"},"tweet_location":"none","created_at":{"$date":{"$numberLong":"1552297363000"}}}
{"_id":{"$oid":"5cb29f8d7cd8d208e03c44ba"},"tweet_id":{"$numberLong":"1105041254235045893"},"tweet_location":"none","created_at":{"$date":{"$numberLong":"1552297340000"}}}
{"_id":{"$oid":"5cb29f8d7cd8d208e03c44bb"},"tweet_id":{"$numberLong":"1105041156822360064"},"tweet_location":"none","created_at":{"$date":{"$numberLong":"1552297317000"}}}
{"_id":{"$oid":"5cb29f8d7cd8d208e03c44bc"},"tweet_id":{"$numberLong":"1105040916883005440"},"tweet_location":"none","created_at":{"$date":{"$numberLong":"1552297259000"}}}
{"_id":{"$oid":"5cb29f8d7cd8d208e03c44bd"},"tweet_id":{"$numberLong":"1105040711861166080"},"tweet_location":"none","created_at":{"$date":{"$numberLong":"1552297211000"}}}
{"_id":{"$oid":"5cb29f8e7cd8d208e03c44be"},"tweet_id":{"$numberLong":"1105023808472260608"},"tweet_location":"United States","created_at":{"$date":{"$numberLong":"1552293180000"}}}
{"_id":{"$oid":"5cb29f8e7cd8d208e03c44bf"},"tweet_id":{"$numberLong":"1104982025268801536"},"tweet_location":"Kenya","created_at":{"$date":{"$numberLong":"1552283219000"}}}
{"_id":{"$oid":"5cb29f8e7cd8d208e03c44c0"},"tweet_id":{"$numberLong":"1105976737039638528"},"tweet_location":"Pakistan","created_at":{"$date":{"$numberLong":"1552520376000"}}}
{"_id":{"$oid":"5cb29f8e7cd8d208e03c44c1"},"tweet_id":{"$numberLong":"1105967886470995968"},"tweet_location":"United States","created_at":{"$date":{"$numberLong":"1552518266000"}}}
{"_id":{"$oid":"5cb29f8e7cd8d208e03c44c2"},"tweet_id":{"$numberLong":"1105963069442805760"},"tweet_location":"none","created_at":{"$date":{"$numberLong":"1552517118000"}}}
{"_id":{"$oid":"5cb29f8f7cd8d208e03c44c3"},"tweet_id":{"$numberLong":"1105956166151086083"},"tweet_location":"none","created_at":{"$date":{"$numberLong":"1552515472000"}}}
{"_id":{"$oid":"5cb29f8f7cd8d208e03c44c4"},"tweet_id":{"$numberLong":"1105950666491658240"},"tweet_location":"United States","created_at":{"$date":{"$numberLong":"1552514161000"}}}
{"_id":{"$oid":"5cb29f8f7cd8d208e03c44c5"},"tweet_id":{"$numberLong":"1105945839308935168"},"tweet_location":"United States","created_at":{"$date":{"$numberLong":"1552513010000"}}}
{"_id":{"$oid":"5cb29f8f7cd8d208e03c44c6"},"tweet_id":{"$numberLong":"1105938844166307846"},"tweet_location":"United States","created_at":{"$date":{"$numberLong":"1552511342000"}}}
{"_id":{"$oid":"5cb29f8f7cd8d208e03c44c7"},"tweet_id":{"$numberLong":"1105938233743925248"},"tweet_location":"none","created_at":{"$date":{"$numberLong":"1552511196000"}}}
{"_id":{"$oid":"5cb29f8f7cd8d208e03c44c8"},"tweet_id":{"$numberLong":"1105934646317965312"},"tweet_location":"none","created_at":{"$date":{"$numberLong":"1552510341000"}}}
{"_id":{"$oid":"5cb29f8f7cd8d208e03c44c9"},"tweet_id":{"$numberLong":"1105932978931130368"},"tweet_location":"none","created_at":{"$date":{"$numberLong":"1552509944000"}}}
{"_id":{"$oid":"5cb29f8f7cd8d208e03c44ca"},"tweet_id":{"$numberLong":"1105926036972199936"},"tweet_location":"none","created_at":{"$date":{"$numberLong":"1552508288000"}}}
{"_id":{"$oid":"5cb29f907cd8d208e03c44cb"},"tweet_id":{"$numberLong":"1105897882610253824"},"tweet_location":"United States","created_at":{"$date":{"$numberLong":"1552501576000"}}}
{"_id":{"$oid":"5cb29f907cd8d208e03c44cc"},"tweet_id":{"$numberLong":"1105881311296708609"},"tweet_location":"none","created_at":{"$date":{"$numberLong":"1552497625000"}}}
{"_id":{"$oid":"5cb29f907cd8d208e03c44cd"},"tweet_id":{"$numberLong":"1105880550869340160"},"tweet_location":"none","created_at":{"$date":{"$numberLong":"1552497444000"}}}
{"_id":{"$oid":"5cb29f907cd8d208e03c44ce"},"tweet_id":{"$numberLong":"1105880290080092160"},"tweet_location":"none","created_at":{"$date":{"$numberLong":"1552497382000"}}}
{"_id":{"$oid":"5cb29f907cd8d208e03c44cf"},"tweet_id":{"$numberLong":"1105879465379487744"},"tweet_location":"United States","created_at":{"$date":{"$numberLong":"1552497185000"}}}
{"_id":{"$oid":"5cb29f917cd8d208e03c44d0"},"tweet_id":{"$numberLong":"1105832588739002369"},"tweet_location":"Tanzania","created_at":{"$date":{"$numberLong":"1552486009000"}}}
{"_id":{"$oid":"5cb29f917cd8d208e03c44d1"},"tweet_id":{"$numberLong":"1105799688882540544"},"tweet_location":"none","created_at":{"$date":{"$numberLong":"1552478165000"}}}
{"_id":{"$oid":"5cb29f917cd8d208e03c44d2"},"tweet_id":{"$numberLong":"1105797507055931392"},"tweet_location":"none","created_at":{"$date":{"$numberLong":"1552477645000"}}}
{"_id":{"$oid":"5cb29f917cd8d208e03c44d3"},"tweet_id":{"$numberLong":"1105797266248359937"},"tweet_location":"none","created_at":{"$date":{"$numberLong":"1552477587000"}}}
{"_id":{"$oid":"5cb29f917cd8d208e03c44d4"},"tweet_id":{"$numberLong":"1105796932822130690"},"tweet_location":"none","created_at":{"$date":{"$numberLong":"1552477508000"}}}
{"_id":{"$oid":"5cb29f917cd8d208e03c44d5"},"tweet_id":{"$numberLong":"1105796813963948032"},"tweet_location":"none","created_at":{"$date":{"$numberLong":"1552477479000"}}}
{"_id":{"$oid":"5cb29f917cd8d208e03c44d6"},"tweet_id":{"$numberLong":"1105796635924140034"},"tweet_location":"none","created_at":{"$date":{"$numberLong":"1552477437000"}}}
{"_id":{"$oid":"5cb29f917cd8d208e03c44d7"},"tweet_id":{"$numberLong":"1105796450162626560"},"tweet_location":"none","created_at":{"$date":{"$numberLong":"1552477393000"}}}
{"_id":{"$oid":"5cb29f927cd8d208e03c44d8"},"tweet_id":{"$numberLong":"1105796079902089217"},"tweet_location":"none","created_at":{"$date":{"$numberLong":"1552477304000"}}}
{"_id":{"$oid":"5cb29f927cd8d208e03c44d9"},"tweet_id":{"$numberLong":"1105794592731860992"},"tweet_location":"none","created_at":{"$date":{"$numberLong":"1552476950000"}}}
{"_id":{"$oid":"5cb29f927cd8d208e03c44da"},"tweet_id":{"$numberLong":"1105773503075086336"},"tweet_location":"none","created_at":{"$date":{"$numberLong":"1552471922000"}}}
{"_id":{"$oid":"5cb29f927cd8d208e03c44db"},"tweet_id":{"$numberLong":"1105771745582014464"},"tweet_location":"none","created_at":{"$date":{"$numberLong":"1552471503000"}}}
{"_id":{"$oid":"5cb29f927cd8d208e03c44dc"},"tweet_id":{"$numberLong":"1105771091836858368"},"tweet_location":"none","created_at":{"$date":{"$numberLong":"1552471347000"}}}
{"_id":{"$oid":"5cb29f927cd8d208e03c44dd"},"tweet_id":{"$numberLong":"1105770437139533828"},"tweet_location":"none","created_at":{"$date":{"$numberLong":"1552471191000"}}}
{"_id":{"$oid":"5cb29f927cd8d208e03c44de"},"tweet_id":{"$numberLong":"1105769878881918976"},"tweet_location":"none","created_at":{"$date":{"$numberLong":"1552471057000"}}}
{"_id":{"$oid":"5cb29f927cd8d208e03c44df"},"tweet_id":{"$numberLong":"1105754129140469762"},"tweet_location":"none","created_at":{"$date":{"$numberLong":"1552467302000"}}}
{"_id":{"$oid":"5cb29f937cd8d208e03c44e0"},"tweet_id":{"$numberLong":"1105747244504866816"},"tweet_location":"none","created_at":{"$date":{"$numberLong":"1552465661000"}}}
{"_id":{"$oid":"5cb29f937cd8d208e03c44e1"},"tweet_id":{"$numberLong":"1105731054290128896"},"tweet_location":"none","created_at":{"$date":{"$numberLong":"1552461801000"}}}
{"_id":{"$oid":"5cb29f937cd8d208e03c44e2"},"tweet_id":{"$numberLong":"1105730395490770944"},"tweet_location":"none","created_at":{"$date":{"$numberLong":"1552461644000"}}}
{"_id":{"$oid":"5cb29f937cd8d208e03c44e3"},"tweet_id":{"$numberLong":"1105724250126639104"},"tweet_location":"none","created_at":{"$date":{"$numberLong":"1552460179000"}}}
{"_id":{"$oid":"5cb29f937cd8d208e03c44e4"},"tweet_id":{"$numberLong":"1105723734814527489"},"tweet_location":"none","created_at":{"$date":{"$numberLong":"1552460056000"}}}
{"_id":{"$oid":"5cb29f937cd8d208e03c44e5"},"tweet_id":{"$numberLong":"1105723551837896705"},"tweet_location":"none","created_at":{"$date":{"$numberLong":"1552460012000"}}}
{"_id":{"$oid":"5cb29f937cd8d208e03c44e6"},"tweet_id":{"$numberLong":"1106644832246775813"},"tweet_location":"none","created_at":{"$date":{"$numberLong":"1552679663000"}}}
{"_id":{"$oid":"5cb29f947cd8d208e03c44e7"},"tweet_id":{"$numberLong":"1106628060093120512"},"tweet_location":"none","created_at":{"$date":{"$numberLong":"1552675664000"}}}
{"_id":{"$oid":"5cb29f947cd8d208e03c44e8"},"tweet_id":{"$numberLong":"1106616048026038276"},"tweet_location":"United States","created_at":{"$date":{"$numberLong":"1552672800000"}}}
{"_id":{"$oid":"5cb29f947cd8d208e03c44e9"},"tweet_id":{"$numberLong":"1106610534814834688"},"tweet_location":"United States","created_at":{"$date":{"$numberLong":"1552671485000"}}}
{"_id":{"$oid":"5cb29f947cd8d208e03c44ea"},"tweet_id":{"$numberLong":"1106610185391476736"},"tweet_location":"Canada","created_at":{"$date":{"$numberLong":"1552671402000"}}}
{"_id":{"$oid":"5cb29f957cd8d208e03c44eb"},"tweet_id":{"$numberLong":"1106588416517566466"},"tweet_location":"none","created_at":{"$date":{"$numberLong":"1552666212000"}}}
{"_id":{"$oid":"5cb29f957cd8d208e03c44ec"},"tweet_id":{"$numberLong":"1106571257418518529"},"tweet_location":"United States","created_at":{"$date":{"$numberLong":"1552662121000"}}}
{"_id":{"$oid":"5cb29f957cd8d208e03c44ed"},"tweet_id":{"$numberLong":"1106571255157788674"},"tweet_location":"United States","created_at":{"$date":{"$numberLong":"1552662120000"}}}
{"_id":{"$oid":"5cb29f957cd8d208e03c44ee"},"tweet_id":{"$numberLong":"1106571253119365120"},"tweet_location":"United States","created_at":{"$date":{"$numberLong":"1552662120000"}}}
{"_id":{"$oid":"5cb29f957cd8d208e03c44ef"},"tweet_id":{"$numberLong":"1106501733268623360"},"tweet_location":"none","created_at":{"$date":{"$numberLong":"1552645545000"}}}
{"_id":{"$oid":"5cb29f957cd8d208e03c44f0"},"tweet_id":{"$numberLong":"1106501136633085954"},"tweet_location":"none","created_at":{"$date":{"$numberLong":"1552645403000"}}}
{"_id":{"$oid":"5cb29f957cd8d208e03c44f1"},"tweet_id":{"$numberLong":"1106495255719759872"},"tweet_location":"none","created_at":{"$date":{"$numberLong":"1552644001000"}}}
{"_id":{"$oid":"5cb29f957cd8d208e03c44f2"},"tweet_id":{"$numberLong":"1106495254104928256"},"tweet_location":"none","created_at":{"$date":{"$numberLong":"1552644000000"}}}
{"_id":{"$oid":"5cb29f967cd8d208e03c44f3"},"tweet_id":{"$numberLong":"1106493936376401922"},"tweet_location":"United States","created_at":{"$date":{"$numberLong":"1552643686000"}}}
{"_id":{"$oid":"5cb29f967cd8d208e03c44f4"},"tweet_id":{"$numberLong":"1106492937242853376"},"tweet_location":"United Kingdom","created_at":{"$date":{"$numberLong":"1552643448000"}}}
{"_id":{"$oid":"5cb29f967cd8d208e03c44f5"},"tweet_id":{"$numberLong":"1106406459489685506"},"tweet_location":"United States","created_at":{"$date":{"$numberLong":"1552622830000"}}}
{"_id":{"$oid":"5cb29f967cd8d208e03c44f6"},"tweet_id":{"$numberLong":"1106376402750922757"},"tweet_location":"Indonesia","created_at":{"$date":{"$numberLong":"1552615664000"}}}
{"_id":{"$oid":"5cb29f967cd8d208e03c44f7"},"tweet_id":{"$numberLong":"1106364302968012800"},"tweet_location":"Malaysia","created_at":{"$date":{"$numberLong":"1552612779000"}}}
{"_id":{"$oid":"5cb29f977cd8d208e03c44f8"},"tweet_id":{"$numberLong":"1106345515346771969"},"tweet_location":"United States","created_at":{"$date":{"$numberLong":"1552608300000"}}}
{"_id":{"$oid":"5cb29f977cd8d208e03c44f9"},"tweet_id":{"$numberLong":"1107428576733868033"},"tweet_location":"none","created_at":{"$date":{"$numberLong":"1552866522000"}}}
{"_id":{"$oid":"5cb29f977cd8d208e03c44fa"},"tweet_id":{"$numberLong":"1107418494969303046"},"tweet_location":"none","created_at":{"$date":{"$numberLong":"1552864118000"}}}
{"_id":{"$oid":"5cb29f977cd8d208e03c44fb"},"tweet_id":{"$numberLong":"1107310823800782848"},"tweet_location":"United States","created_at":{"$date":{"$numberLong":"1552838447000"}}}
{"_id":{"$oid":"5cb29f987cd8d208e03c44fc"},"tweet_id":{"$numberLong":"1107306849248772099"},"tweet_location":"United States","created_at":{"$date":{"$numberLong":"1552837500000"}}}
{"_id":{"$oid":"5cb29f987cd8d208e03c44fd"},"tweet_id":{"$numberLong":"1107267635455102976"},"tweet_location":"United States","created_at":{"$date":{"$numberLong":"1552828150000"}}}
{"_id":{"$oid":"5cb29f987cd8d208e03c44fe"},"tweet_id":{"$numberLong":"1107229947062554624"},"tweet_location":"none","created_at":{"$date":{"$numberLong":"1552819165000"}}}
{"_id":{"$oid":"5cb29f987cd8d208e03c44ff"},"tweet_id":{"$numberLong":"1107222869010841605"},"tweet_location":"none","created_at":{"$date":{"$numberLong":"1552817477000"}}}
{"_id":{"$oid":"5cb29f987cd8d208e03c4500"},"tweet_id":{"$numberLong":"1107167586813440002"},"tweet_location":"none","created_at":{"$date":{"$numberLong":"1552804297000"}}}
{"_id":{"$oid":"5cb29f987cd8d208e03c4501"},"tweet_id":{"$numberLong":"1107162446664335361"},"tweet_location":"United Kingdom","created_at":{"$date":{"$numberLong":"1552803072000"}}}
{"_id":{"$oid":"5cb29f987cd8d208e03c4502"},"tweet_id":{"$numberLong":"1108139794394243073"},"tweet_location":"Singapore","created_at":{"$date":{"$numberLong":"1553036089000"}}}
{"_id":{"$oid":"5cb29f997cd8d208e03c4503"},"tweet_id":{"$numberLong":"1108824830911135745"},"tweet_location":"none","created_at":{"$date":{"$numberLong":"1553199415000"}}}
{"_id":{"$oid":"5cb29f997cd8d208e03c4504"},"tweet_id":{"$numberLong":"1108818679658135553"},"tweet_location":"United States","created_at":{"$date":{"$numberLong":"1553197948000"}}}
{"_id":{"$oid":"5cb29f997cd8d208e03c4505"},"tweet_id":{"$numberLong":"1108810129602945030"},"tweet_location":"none","created_at":{"$date":{"$numberLong":"1553195910000"}}}
{"_id":{"$oid":"5cb29f997cd8d208e03c4506"},"tweet_id":{"$numberLong":"1108805558369509379"},"tweet_location":"United States","created_at":{"$date":{"$numberLong":"1553194820000"}}}
{"_id":{"$oid":"5cb29f997cd8d208e03c4507"},"tweet_id":{"$numberLong":"1108802659786457088"},"tweet_location":"United States","created_at":{"$date":{"$numberLong":"1553194129000"}}}
{"_id":{"$oid":"5cb29f9a7cd8d208e03c4508"},"tweet_id":{"$numberLong":"1108800821100273665"},"tweet_location":"none","created_at":{"$date":{"$numberLong":"1553193690000"}}}
{"_id":{"$oid":"5cb29f9a7cd8d208e03c4509"},"tweet_id":{"$numberLong":"1108800753378811904"},"tweet_location":"United States","created_at":{"$date":{"$numberLong":"1553193674000"}}}
{"_id":{"$oid":"5cb29f9a7cd8d208e03c450a"},"tweet_id":{"$numberLong":"1108772813777715201"},"tweet_location":"United States","created_at":{"$date":{"$numberLong":"1553187013000"}}}
{"_id":{"$oid":"5cb29f9a7cd8d208e03c450b"},"tweet_id":{"$numberLong":"1108737276605980672"},"tweet_location":"none","created_at":{"$date":{"$numberLong":"1553178540000"}}}
{"_id":{"$oid":"5cb29f9a7cd8d208e03c450c"},"tweet_id":{"$numberLong":"1108736599636893696"},"tweet_location":"none","created_at":{"$date":{"$numberLong":"1553178379000"}}}
{"_id":{"$oid":"5cb29f9a7cd8d208e03c450d"},"tweet_id":{"$numberLong":"1108735053092147200"},"tweet_location":"none","created_at":{"$date":{"$numberLong":"1553178010000"}}}
{"_id":{"$oid":"5cb29f9a7cd8d208e03c450e"},"tweet_id":{"$numberLong":"1108733807878787074"},"tweet_location":"none","created_at":{"$date":{"$numberLong":"1553177713000"}}}
{"_id":{"$oid":"5cb29f9b7cd8d208e03c450f"},"tweet_id":{"$numberLong":"1108730222931832833"},"tweet_location":"United States","created_at":{"$date":{"$numberLong":"1553176859000"}}}
{"_id":{"$oid":"5cb29f9b7cd8d208e03c4510"},"tweet_id":{"$numberLong":"1108728512960065536"},"tweet_location":"none","created_at":{"$date":{"$numberLong":"1553176451000"}}}
{"_id":{"$oid":"5cb29f9b7cd8d208e03c4511"},"tweet_id":{"$numberLong":"1108714880759005185"},"tweet_location":"none","created_at":{"$date":{"$numberLong":"1553173201000"}}}
{"_id":{"$oid":"5cb29f9b7cd8d208e03c4512"},"tweet_id":{"$numberLong":"1108713382494924800"},"tweet_location":"Philippines","created_at":{"$date":{"$numberLong":"1553172843000"}}}
{"_id":{"$oid":"5cb29f9b7cd8d208e03c4513"},"tweet_id":{"$numberLong":"1108701922062548993"},"tweet_location":"India","created_at":{"$date":{"$numberLong":"1553170111000"}}}
{"_id":{"$oid":"5cb29f9c7cd8d208e03c4514"},"tweet_id":{"$numberLong":"1108682106501324800"},"tweet_location":"none","created_at":{"$date":{"$numberLong":"1553165387000"}}}
{"_id":{"$oid":"5cb29f9c7cd8d208e03c4515"},"tweet_id":{"$numberLong":"1108555431184683008"},"tweet_location":"none","created_at":{"$date":{"$numberLong":"1553135185000"}}}
{"_id":{"$oid":"5cb29f9c7cd8d208e03c4516"},"tweet_id":{"$numberLong":"1108548222606143488"},"tweet_location":"Indonesia","created_at":{"$date":{"$numberLong":"1553133466000"}}}
{"_id":{"$oid":"5cb29f9c7cd8d208e03c4517"},"tweet_id":{"$numberLong":"1108545029042302983"},"tweet_location":"none","created_at":{"$date":{"$numberLong":"1553132705000"}}}
{"_id":{"$oid":"5cb29f9c7cd8d208e03c4518"},"tweet_id":{"$numberLong":"1109600005789237249"},"tweet_location":"none","created_at":{"$date":{"$numberLong":"1553384231000"}}}
{"_id":{"$oid":"5cb29f9c7cd8d208e03c4519"},"tweet_id":{"$numberLong":"1109552066605862917"},"tweet_location":"United States","created_at":{"$date":{"$numberLong":"1553372801000"}}}
{"_id":{"$oid":"5cb29f9d7cd8d208e03c451a"},"tweet_id":{"$numberLong":"1109537556675198977"},"tweet_location":"Canada","created_at":{"$date":{"$numberLong":"1553369342000"}}}
{"_id":{"$oid":"5cb29f9d7cd8d208e03c451b"},"tweet_id":{"$numberLong":"1109515594926297088"},"tweet_location":"United States","created_at":{"$date":{"$numberLong":"1553364106000"}}}
{"_id":{"$oid":"5cb29f9d7cd8d208e03c451c"},"tweet_id":{"$numberLong":"1109485287347048450"},"tweet_location":"none","created_at":{"$date":{"$numberLong":"1553356880000"}}}
{"_id":{"$oid":"5cb29f9d7cd8d208e03c451d"},"tweet_id":{"$numberLong":"1109432182760751105"},"tweet_location":"United States","created_at":{"$date":{"$numberLong":"1553344219000"}}}
{"_id":{"$oid":"5cb29f9e7cd8d208e03c451e"},"tweet_id":{"$numberLong":"1109432173038317570"},"tweet_location":"United States","created_at":{"$date":{"$numberLong":"1553344216000"}}}
{"_id":{"$oid":"5cb29f9e7cd8d208e03c451f"},"tweet_id":{"$numberLong":"1109414965344120832"},"tweet_location":"United States","created_at":{"$date":{"$numberLong":"1553340114000"}}}
{"_id":{"$oid":"5cb29f9e7cd8d208e03c4520"},"tweet_id":{"$numberLong":"1110260112789291008"},"tweet_location":"United States","created_at":{"$date":{"$numberLong":"1553541613000"}}}
{"_id":{"$oid":"5cb29f9e7cd8d208e03c4521"},"tweet_id":{"$numberLong":"1110259192370208770"},"tweet_location":"none","created_at":{"$date":{"$numberLong":"1553541393000"}}}
{"_id":{"$oid":"5cb29f9e7cd8d208e03c4522"},"tweet_id":{"$numberLong":"1110256375408386048"},"tweet_location":"United States","created_at":{"$date":{"$numberLong":"1553540722000"}}}
{"_id":{"$oid":"5cb29f9f7cd8d208e03c4523"},"tweet_id":{"$numberLong":"1110233646542348288"},"tweet_location":"United Kingdom","created_at":{"$date":{"$numberLong":"1553535303000"}}}
{"_id":{"$oid":"5cb29f9f7cd8d208e03c4524"},"tweet_id":{"$numberLong":"1110224815175159809"},"tweet_location":"United States","created_at":{"$date":{"$numberLong":"1553533197000"}}}
{"_id":{"$oid":"5cb29f9f7cd8d208e03c4525"},"tweet_id":{"$numberLong":"1110222298706001920"},"tweet_location":"United States","created_at":{"$date":{"$numberLong":"1553532597000"}}}
{"_id":{"$oid":"5cb29f9f7cd8d208e03c4526"},"tweet_id":{"$numberLong":"1110209060249305090"},"tweet_location":"none","created_at":{"$date":{"$numberLong":"1553529441000"}}}
{"_id":{"$oid":"5cb29fa07cd8d208e03c4527"},"tweet_id":{"$numberLong":"1110208783769366528"},"tweet_location":"United States","created_at":{"$date":{"$numberLong":"1553529375000"}}}
{"_id":{"$oid":"5cb29fa07cd8d208e03c4528"},"tweet_id":{"$numberLong":"1110197542829080582"},"tweet_location":"none","created_at":{"$date":{"$numberLong":"1553526695000"}}}
{"_id":{"$oid":"5cb29fa07cd8d208e03c4529"},"tweet_id":{"$numberLong":"1110190100191694850"},"tweet_location":"none","created_at":{"$date":{"$numberLong":"1553524920000"}}}
{"_id":{"$oid":"5cb29fa07cd8d208e03c452a"},"tweet_id":{"$numberLong":"1110190091220250625"},"tweet_location":"United States","created_at":{"$date":{"$numberLong":"1553524918000"}}}
{"_id":{"$oid":"5cb29fa17cd8d208e03c452b"},"tweet_id":{"$numberLong":"1110181806375092224"},"tweet_location":"United States","created_at":{"$date":{"$numberLong":"1553522943000"}}}
{"_id":{"$oid":"5cb29fa17cd8d208e03c452c"},"tweet_id":{"$numberLong":"1110119130764636162"},"tweet_location":"none","created_at":{"$date":{"$numberLong":"1553508000000"}}}
{"_id":{"$oid":"5cb29fa17cd8d208e03c452d"},"tweet_id":{"$numberLong":"1110081934288437248"},"tweet_location":"none","created_at":{"$date":{"$numberLong":"1553499132000"}}}
{"_id":{"$oid":"5cb29fa17cd8d208e03c452e"},"tweet_id":{"$numberLong":"1110011679239110656"},"tweet_location":"none","created_at":{"$date":{"$numberLong":"1553482382000"}}}
{"_id":{"$oid":"5cb29fa17cd8d208e03c452f"},"tweet_id":{"$numberLong":"1109989278648422400"},"tweet_location":"Indonesia","created_at":{"$date":{"$numberLong":"1553477041000"}}}
{"_id":{"$oid":"5cb29fa27cd8d208e03c4530"},"tweet_id":{"$numberLong":"1111028329816166410"},"tweet_location":"United States","created_at":{"$date":{"$numberLong":"1553724770000"}}}
{"_id":{"$oid":"5cb29fa27cd8d208e03c4531"},"tweet_id":{"$numberLong":"1111006260378460164"},"tweet_location":"United States","created_at":{"$date":{"$numberLong":"1553719508000"}}}
{"_id":{"$oid":"5cb29fa27cd8d208e03c4532"},"tweet_id":{"$numberLong":"1110960010652209153"},"tweet_location":"none","created_at":{"$date":{"$numberLong":"1553708481000"}}}
{"_id":{"$oid":"5cb29fa27cd8d208e03c4533"},"tweet_id":{"$numberLong":"1110940627930435584"},"tweet_location":"none","created_at":{"$date":{"$numberLong":"1553703860000"}}}
{"_id":{"$oid":"5cb29fa37cd8d208e03c4534"},"tweet_id":{"$numberLong":"1110938185264230401"},"tweet_location":"none","created_at":{"$date":{"$numberLong":"1553703278000"}}}
{"_id":{"$oid":"5cb29fa37cd8d208e03c4535"},"tweet_id":{"$numberLong":"1110921046524395521"},"tweet_location":"none","created_at":{"$date":{"$numberLong":"1553699192000"}}}
{"_id":{"$oid":"5cb29fa37cd8d208e03c4536"},"tweet_id":{"$numberLong":"1110897743420108801"},"tweet_location":"United States","created_at":{"$date":{"$numberLong":"1553693636000"}}}
{"_id":{"$oid":"5cb29fa37cd8d208e03c4537"},"tweet_id":{"$numberLong":"1110861126215049216"},"tweet_location":"none","created_at":{"$date":{"$numberLong":"1553684905000"}}}
{"_id":{"$oid":"5cb29fa37cd8d208e03c4538"},"tweet_id":{"$numberLong":"1110860302583848961"},"tweet_location":"none","created_at":{"$date":{"$numberLong":"1553684709000"}}}
{"_id":{"$oid":"5cb29fa37cd8d208e03c4539"},"tweet_id":{"$numberLong":"1110855470632316928"},"tweet_location":"none","created_at":{"$date":{"$numberLong":"1553683557000"}}}
{"_id":{"$oid":"5cb29fa37cd8d208e03c453a"},"tweet_id":{"$numberLong":"1110853482419011585"},"tweet_location":"United States","created_at":{"$date":{"$numberLong":"1553683083000"}}}
{"_id":{"$oid":"5cb29fa47cd8d208e03c453b"},"tweet_id":{"$numberLong":"1110851456830185472"},"tweet_location":"none","created_at":{"$date":{"$numberLong":"1553682600000"}}}
{"_id":{"$oid":"5cb29fa47cd8d208e03c453c"},"tweet_id":{"$numberLong":"1110851455555198976"},"tweet_location":"none","created_at":{"$date":{"$numberLong":"1553682600000"}}}
{"_id":{"$oid":"5cb29fa47cd8d208e03c453d"},"tweet_id":{"$numberLong":"1110819080217477120"},"tweet_location":"none","created_at":{"$date":{"$numberLong":"1553674881000"}}}
{"_id":{"$oid":"5cb29fa47cd8d208e03c453e"},"tweet_id":{"$numberLong":"1110798206466748416"},"tweet_location":"none","created_at":{"$date":{"$numberLong":"1553669904000"}}}
{"_id":{"$oid":"5cb29fa47cd8d208e03c453f"},"tweet_id":{"$numberLong":"1110796273429479424"},"tweet_location":"none","created_at":{"$date":{"$numberLong":"1553669443000"}}}
{"_id":{"$oid":"5cb29fa47cd8d208e03c4540"},"tweet_id":{"$numberLong":"1110793498133962752"},"tweet_location":"none","created_at":{"$date":{"$numberLong":"1553668782000"}}}
{"_id":{"$oid":"5cb29fa57cd8d208e03c4541"},"tweet_id":{"$numberLong":"1110746710442160128"},"tweet_location":"none","created_at":{"$date":{"$numberLong":"1553657627000"}}}
{"_id":{"$oid":"5cb29fa57cd8d208e03c4542"},"tweet_id":{"$numberLong":"1110704431086137345"},"tweet_location":"United States","created_at":{"$date":{"$numberLong":"1553647546000"}}}
{"_id":{"$oid":"5cb29fa57cd8d208e03c4543"},"tweet_id":{"$numberLong":"1110695841268822016"},"tweet_location":"none","created_at":{"$date":{"$numberLong":"1553645498000"}}}
{"_id":{"$oid":"5cb29fa57cd8d208e03c4544"},"tweet_id":{"$numberLong":"1111778454360461315"},"tweet_location":"none","created_at":{"$date":{"$numberLong":"1553903614000"}}}
{"_id":{"$oid":"5cb29fa67cd8d208e03c4545"},"tweet_id":{"$numberLong":"1111752144644763649"},"tweet_location":"United States","created_at":{"$date":{"$numberLong":"1553897341000"}}}
{"_id":{"$oid":"5cb29fa67cd8d208e03c4546"},"tweet_id":{"$numberLong":"1111732090620575747"},"tweet_location":"United States","created_at":{"$date":{"$numberLong":"1553892560000"}}}
{"_id":{"$oid":"5cb29fa67cd8d208e03c4547"},"tweet_id":{"$numberLong":"1111688915591852037"},"tweet_location":"United States","created_at":{"$date":{"$numberLong":"1553882266000"}}}
{"_id":{"$oid":"5cb29fa67cd8d208e03c4548"},"tweet_id":{"$numberLong":"1111655258579705857"},"tweet_location":"none","created_at":{"$date":{"$numberLong":"1553874241000"}}}
{"_id":{"$oid":"5cb29fa77cd8d208e03c4549"},"tweet_id":{"$numberLong":"1111654874150850561"},"tweet_location":"none","created_at":{"$date":{"$numberLong":"1553874150000"}}}
{"_id":{"$oid":"5cb29fa77cd8d208e03c454a"},"tweet_id":{"$numberLong":"1111646763058896897"},"tweet_location":"none","created_at":{"$date":{"$numberLong":"1553872216000"}}}
{"_id":{"$oid":"5cb29fa77cd8d208e03c454b"},"tweet_id":{"$numberLong":"1111646192130101250"},"tweet_location":"United States","created_at":{"$date":{"$numberLong":"1553872080000"}}}
{"_id":{"$oid":"5cb29fa77cd8d208e03c454c"},"tweet_id":{"$numberLong":"1111623190407725057"},"tweet_location":"United States","created_at":{"$date":{"$numberLong":"1553866596000"}}}
{"_id":{"$oid":"5cb29fa77cd8d208e03c454d"},"tweet_id":{"$numberLong":"1111617792535609345"},"tweet_location":"none","created_at":{"$date":{"$numberLong":"1553865309000"}}}
{"_id":{"$oid":"5cb29fa87cd8d208e03c454e"},"tweet_id":{"$numberLong":"1111615325148196865"},"tweet_location":"United States","created_at":{"$date":{"$numberLong":"1553864720000"}}}
{"_id":{"$oid":"5cb29fa87cd8d208e03c454f"},"tweet_id":{"$numberLong":"1111611470985547776"},"tweet_location":"United States","created_at":{"$date":{"$numberLong":"1553863802000"}}}
{"_id":{"$oid":"5cb29fa87cd8d208e03c4550"},"tweet_id":{"$numberLong":"1111599067526819845"},"tweet_location":"United States","created_at":{"$date":{"$numberLong":"1553860844000"}}}
{"_id":{"$oid":"5cb29fa87cd8d208e03c4551"},"tweet_id":{"$numberLong":"1111583785223516162"},"tweet_location":"none","created_at":{"$date":{"$numberLong":"1553857201000"}}}
{"_id":{"$oid":"5cb29fa87cd8d208e03c4552"},"tweet_id":{"$numberLong":"1111583783281668101"},"tweet_location":"none","created_at":{"$date":{"$numberLong":"1553857200000"}}}
{"_id":{"$oid":"5cb29fa97cd8d208e03c4553"},"tweet_id":{"$numberLong":"1111574496434159616"},"tweet_location":"Netherlands","created_at":{"$date":{"$numberLong":"1553854986000"}}}
{"_id":{"$oid":"5cb29fa97cd8d208e03c4554"},"tweet_id":{"$numberLong":"1111547529378885632"},"tweet_location":"United States","created_at":{"$date":{"$numberLong":"1553848557000"}}}
{"_id":{"$oid":"5cb29fa97cd8d208e03c4555"},"tweet_id":{"$numberLong":"1111516818802442241"},"tweet_location":"none","created_at":{"$date":{"$numberLong":"1553841235000"}}}
{"_id":{"$oid":"5cb29fa97cd8d208e03c4556"},"tweet_id":{"$numberLong":"1111516547196112897"},"tweet_location":"none","created_at":{"$date":{"$numberLong":"1553841170000"}}}
{"_id":{"$oid":"5cb29fa97cd8d208e03c4557"},"tweet_id":{"$numberLong":"1111516322582667264"},"tweet_location":"none","created_at":{"$date":{"$numberLong":"1553841116000"}}}
{"_id":{"$oid":"5cb29fa97cd8d208e03c4558"},"tweet_id":{"$numberLong":"1112441188617879552"},"tweet_location":"United States","created_at":{"$date":{"$numberLong":"1554061622000"}}}
{"_id":{"$oid":"5cb29fa97cd8d208e03c4559"},"tweet_id":{"$numberLong":"1112399240435847168"},"tweet_location":"Italy","created_at":{"$date":{"$numberLong":"1554051620000"}}}
{"_id":{"$oid":"5cb29faa7cd8d208e03c455a"},"tweet_id":{"$numberLong":"1112379172461129728"},"tweet_location":"United States","created_at":{"$date":{"$numberLong":"1554046836000"}}}
{"_id":{"$oid":"5cb29faa7cd8d208e03c455b"},"tweet_id":{"$numberLong":"1112357630159118339"},"tweet_location":"United States","created_at":{"$date":{"$numberLong":"1554041700000"}}}
{"_id":{"$oid":"5cb29faa7cd8d208e03c455c"},"tweet_id":{"$numberLong":"1112301729079590913"},"tweet_location":"none","created_at":{"$date":{"$numberLong":"1554028372000"}}}
{"_id":{"$oid":"5cb29faa7cd8d208e03c455d"},"tweet_id":{"$numberLong":"1112244530504450048"},"tweet_location":"United States","created_at":{"$date":{"$numberLong":"1554014735000"}}}
{"_id":{"$oid":"5cb29faa7cd8d208e03c455e"},"tweet_id":{"$numberLong":"1112172395773743105"},"tweet_location":"none","created_at":{"$date":{"$numberLong":"1553997536000"}}}
{"_id":{"$oid":"5cb29faa7cd8d208e03c455f"},"tweet_id":{"$numberLong":"1112167301992710144"},"tweet_location":"none","created_at":{"$date":{"$numberLong":"1553996322000"}}}
{"_id":{"$oid":"5cb29fab7cd8d208e03c4560"},"tweet_id":{"$numberLong":"1113203809944080385"},"tweet_location":"none","created_at":{"$date":{"$numberLong":"1554243445000"}}}
{"_id":{"$oid":"5cb29fab7cd8d208e03c4561"},"tweet_id":{"$numberLong":"1113195013364682753"},"tweet_location":"none","created_at":{"$date":{"$numberLong":"1554241348000"}}}
{"_id":{"$oid":"5cb29fab7cd8d208e03c4562"},"tweet_id":{"$numberLong":"1113193135407079424"},"tweet_location":"United States","created_at":{"$date":{"$numberLong":"1554240900000"}}}
{"_id":{"$oid":"5cb29fab7cd8d208e03c4563"},"tweet_id":{"$numberLong":"1113188174312935424"},"tweet_location":"none","created_at":{"$date":{"$numberLong":"1554239717000"}}}
{"_id":{"$oid":"5cb29fab7cd8d208e03c4564"},"tweet_id":{"$numberLong":"1113184969390616576"},"tweet_location":"United States","created_at":{"$date":{"$numberLong":"1554238953000"}}}
{"_id":{"$oid":"5cb29fac7cd8d208e03c4565"},"tweet_id":{"$numberLong":"1113176257682960390"},"tweet_location":"none","created_at":{"$date":{"$numberLong":"1554236876000"}}}
{"_id":{"$oid":"5cb29fac7cd8d208e03c4566"},"tweet_id":{"$numberLong":"1113166419397632001"},"tweet_location":"none","created_at":{"$date":{"$numberLong":"1554234530000"}}}
{"_id":{"$oid":"5cb29fac7cd8d208e03c4567"},"tweet_id":{"$numberLong":"1113121686025658368"},"tweet_location":"none","created_at":{"$date":{"$numberLong":"1554223865000"}}}
{"_id":{"$oid":"5cb29fac7cd8d208e03c4568"},"tweet_id":{"$numberLong":"1113108827895934978"},"tweet_location":"none","created_at":{"$date":{"$numberLong":"1554220799000"}}}
{"_id":{"$oid":"5cb29fac7cd8d208e03c4569"},"tweet_id":{"$numberLong":"1113082107306414081"},"tweet_location":"none","created_at":{"$date":{"$numberLong":"1554214429000"}}}
{"_id":{"$oid":"5cb29fad7cd8d208e03c456a"},"tweet_id":{"$numberLong":"1113068588418633728"},"tweet_location":"United States","created_at":{"$date":{"$numberLong":"1554211205000"}}}
{"_id":{"$oid":"5cb29fad7cd8d208e03c456b"},"tweet_id":{"$numberLong":"1113064822680248320"},"tweet_location":"United States","created_at":{"$date":{"$numberLong":"1554210308000"}}}
{"_id":{"$oid":"5cb29fad7cd8d208e03c456c"},"tweet_id":{"$numberLong":"1113041603566997504"},"tweet_location":"none","created_at":{"$date":{"$numberLong":"1554204772000"}}}
{"_id":{"$oid":"5cb29fad7cd8d208e03c456d"},"tweet_id":{"$numberLong":"1113033598796488704"},"tweet_location":"United States","created_at":{"$date":{"$numberLong":"1554202863000"}}}
{"_id":{"$oid":"5cb29fad7cd8d208e03c456e"},"tweet_id":{"$numberLong":"1113003385244905472"},"tweet_location":"none","created_at":{"$date":{"$numberLong":"1554195660000"}}}
{"_id":{"$oid":"5cb29fad7cd8d208e03c456f"},"tweet_id":{"$numberLong":"1113003134245330944"},"tweet_location":"none","created_at":{"$date":{"$numberLong":"1554195600000"}}}
{"_id":{"$oid":"5cb29fad7cd8d208e03c4570"},"tweet_id":{"$numberLong":"1112994308792242178"},"tweet_location":"none","created_at":{"$date":{"$numberLong":"1554193496000"}}}
{"_id":{"$oid":"5cb29fae7cd8d208e03c4571"},"tweet_id":{"$numberLong":"1112979892163891201"},"tweet_location":"United States","created_at":{"$date":{"$numberLong":"1554190059000"}}}
{"_id":{"$oid":"5cb29fae7cd8d208e03c4572"},"tweet_id":{"$numberLong":"1112884420690599936"},"tweet_location":"none","created_at":{"$date":{"$numberLong":"1554167296000"}}}
{"_id":{"$oid":"5cb29fae7cd8d208e03c4573"},"tweet_id":{"$numberLong":"1113901576651984898"},"tweet_location":"none","created_at":{"$date":{"$numberLong":"1554409805000"}}}
{"_id":{"$oid":"5cb29fae7cd8d208e03c4574"},"tweet_id":{"$numberLong":"1113891058717528064"},"tweet_location":"United States","created_at":{"$date":{"$numberLong":"1554407298000"}}}
{"_id":{"$oid":"5cb29fae7cd8d208e03c4575"},"tweet_id":{"$numberLong":"1113886048541650949"},"tweet_location":"none","created_at":{"$date":{"$numberLong":"1554406103000"}}}
{"_id":{"$oid":"5cb29fae7cd8d208e03c4576"},"tweet_id":{"$numberLong":"1113875806487494656"},"tweet_location":"United States","created_at":{"$date":{"$numberLong":"1554403661000"}}}
{"_id":{"$oid":"5cb29faf7cd8d208e03c4577"},"tweet_id":{"$numberLong":"1113854893788413952"},"tweet_location":"none","created_at":{"$date":{"$numberLong":"1554398675000"}}}
{"_id":{"$oid":"5cb29faf7cd8d208e03c4578"},"tweet_id":{"$numberLong":"1113834263663845376"},"tweet_location":"none","created_at":{"$date":{"$numberLong":"1554393757000"}}}
{"_id":{"$oid":"5cb29faf7cd8d208e03c4579"},"tweet_id":{"$numberLong":"1113825806684495872"},"tweet_location":"none","created_at":{"$date":{"$numberLong":"1554391740000"}}}
{"_id":{"$oid":"5cb29faf7cd8d208e03c457a"},"tweet_id":{"$numberLong":"1113792474240167938"},"tweet_location":"none","created_at":{"$date":{"$numberLong":"1554383793000"}}}
{"_id":{"$oid":"5cb29faf7cd8d208e03c457b"},"tweet_id":{"$numberLong":"1113784824400097280"},"tweet_location":"none","created_at":{"$date":{"$numberLong":"1554381969000"}}}
{"_id":{"$oid":"5cb29faf7cd8d208e03c457c"},"tweet_id":{"$numberLong":"1113771851090554880"},"tweet_location":"none","created_at":{"$date":{"$numberLong":"1554378876000"}}}
{"_id":{"$oid":"5cb29faf7cd8d208e03c457d"},"tweet_id":{"$numberLong":"1113765225017290753"},"tweet_location":"United States","created_at":{"$date":{"$numberLong":"1554377297000"}}}
{"_id":{"$oid":"5cb29fb07cd8d208e03c457e"},"tweet_id":{"$numberLong":"1113759382683181056"},"tweet_location":"United States","created_at":{"$date":{"$numberLong":"1554375904000"}}}
{"_id":{"$oid":"5cb29fb07cd8d208e03c457f"},"tweet_id":{"$numberLong":"1113757146343194624"},"tweet_location":"United States","created_at":{"$date":{"$numberLong":"1554375370000"}}}
{"_id":{"$oid":"5cb29fb07cd8d208e03c4580"},"tweet_id":{"$numberLong":"1113752768580390912"},"tweet_location":"Pakistan","created_at":{"$date":{"$numberLong":"1554374327000"}}}
{"_id":{"$oid":"5cb29fb07cd8d208e03c4581"},"tweet_id":{"$numberLong":"1113744869888077830"},"tweet_location":"Nigeria","created_at":{"$date":{"$numberLong":"1554372444000"}}}
{"_id":{"$oid":"5cb29fb07cd8d208e03c4582"},"tweet_id":{"$numberLong":"1113743354171482112"},"tweet_location":"Nigeria","created_at":{"$date":{"$numberLong":"1554372082000"}}}
{"_id":{"$oid":"5cb29fb17cd8d208e03c4583"},"tweet_id":{"$numberLong":"1113737970387947520"},"tweet_location":"United States","created_at":{"$date":{"$numberLong":"1554370799000"}}}
{"_id":{"$oid":"5cb29fb17cd8d208e03c4584"},"tweet_id":{"$numberLong":"1113735390823714817"},"tweet_location":"United States","created_at":{"$date":{"$numberLong":"1554370184000"}}}
{"_id":{"$oid":"5cb29fb17cd8d208e03c4585"},"tweet_id":{"$numberLong":"1113724385964089344"},"tweet_location":"none","created_at":{"$date":{"$numberLong":"1554367560000"}}}
{"_id":{"$oid":"5cb29fb17cd8d208e03c4586"},"tweet_id":{"$numberLong":"1113724385670512640"},"tweet_location":"none","created_at":{"$date":{"$numberLong":"1554367560000"}}}
{"_id":{"$oid":"5cb29fb17cd8d208e03c4587"},"tweet_id":{"$numberLong":"1113687799788478464"},"tweet_location":"United States","created_at":{"$date":{"$numberLong":"1554358837000"}}}
{"_id":{"$oid":"5cb29fb27cd8d208e03c4588"},"tweet_id":{"$numberLong":"1113651677951922177"},"tweet_location":"United States","created_at":{"$date":{"$numberLong":"1554350225000"}}}
{"_id":{"$oid":"5cb29fb27cd8d208e03c4589"},"tweet_id":{"$numberLong":"1113634225692073984"},"tweet_location":"none","created_at":{"$date":{"$numberLong":"1554346064000"}}}
{"_id":{"$oid":"5cb29fb27cd8d208e03c458a"},"tweet_id":{"$numberLong":"1114645141241966592"},"tweet_location":"United States","created_at":{"$date":{"$numberLong":"1554587085000"}}}
{"_id":{"$oid":"5cb29fb27cd8d208e03c458b"},"tweet_id":{"$numberLong":"1114639009693614080"},"tweet_location":"none","created_at":{"$date":{"$numberLong":"1554585623000"}}}
{"_id":{"$oid":"5cb29fb27cd8d208e03c458c"},"tweet_id":{"$numberLong":"1114635416777281536"},"tweet_location":"United States","created_at":{"$date":{"$numberLong":"1554584766000"}}}
{"_id":{"$oid":"5cb29fb27cd8d208e03c458d"},"tweet_id":{"$numberLong":"1114591602822008835"},"tweet_location":"none","created_at":{"$date":{"$numberLong":"1554574320000"}}}
{"_id":{"$oid":"5cb29fb27cd8d208e03c458e"},"tweet_id":{"$numberLong":"1114563206595391488"},"tweet_location":"United Kingdom","created_at":{"$date":{"$numberLong":"1554567550000"}}}
{"_id":{"$oid":"5cb29fb37cd8d208e03c458f"},"tweet_id":{"$numberLong":"1114555215070494721"},"tweet_location":"United States","created_at":{"$date":{"$numberLong":"1554565645000"}}}
{"_id":{"$oid":"5cb29fb37cd8d208e03c4590"},"tweet_id":{"$numberLong":"1114532403815407616"},"tweet_location":"Indonesia","created_at":{"$date":{"$numberLong":"1554560206000"}}}
{"_id":{"$oid":"5cb29fb37cd8d208e03c4591"},"tweet_id":{"$numberLong":"1114495767496888320"},"tweet_location":"none","created_at":{"$date":{"$numberLong":"1554551471000"}}}
{"_id":{"$oid":"5cb29fb37cd8d208e03c4592"},"tweet_id":{"$numberLong":"1114495274812985344"},"tweet_location":"none","created_at":{"$date":{"$numberLong":"1554551354000"}}}
{"_id":{"$oid":"5cb29fb37cd8d208e03c4593"},"tweet_id":{"$numberLong":"1114414876989042688"},"tweet_location":"none","created_at":{"$date":{"$numberLong":"1554532186000"}}}
{"_id":{"$oid":"5cb29fb47cd8d208e03c4594"},"tweet_id":{"$numberLong":"1114336336738168832"},"tweet_location":"none","created_at":{"$date":{"$numberLong":"1554513460000"}}}
{"_id":{"$oid":"5cb29fb47cd8d208e03c4595"},"tweet_id":{"$numberLong":"1115399734980534272"},"tweet_location":"none","created_at":{"$date":{"$numberLong":"1554766994000"}}}
{"_id":{"$oid":"5cb29fb47cd8d208e03c4596"},"tweet_id":{"$numberLong":"1115385335708618754"},"tweet_location":"none","created_at":{"$date":{"$numberLong":"1554763561000"}}}
{"_id":{"$oid":"5cb29fb47cd8d208e03c4597"},"tweet_id":{"$numberLong":"1115379923777200128"},"tweet_location":"none","created_at":{"$date":{"$numberLong":"1554762271000"}}}
{"_id":{"$oid":"5cb29fb47cd8d208e03c4598"},"tweet_id":{"$numberLong":"1115342863099879424"},"tweet_location":"United States","created_at":{"$date":{"$numberLong":"1554753435000"}}}
{"_id":{"$oid":"5cb29fb57cd8d208e03c4599"},"tweet_id":{"$numberLong":"1115321042464124928"},"tweet_location":"United States","created_at":{"$date":{"$numberLong":"1554748232000"}}}
{"_id":{"$oid":"5cb29fb57cd8d208e03c459a"},"tweet_id":{"$numberLong":"1115257003868413952"},"tweet_location":"none","created_at":{"$date":{"$numberLong":"1554732964000"}}}
{"_id":{"$oid":"5cb29fb57cd8d208e03c459b"},"tweet_id":{"$numberLong":"1115240380314861568"},"tweet_location":"United States","created_at":{"$date":{"$numberLong":"1554729001000"}}}
{"_id":{"$oid":"5cb29fb57cd8d208e03c459c"},"tweet_id":{"$numberLong":"1115237653635575809"},"tweet_location":"United States","created_at":{"$date":{"$numberLong":"1554728351000"}}}
{"_id":{"$oid":"5cb29fb57cd8d208e03c459d"},"tweet_id":{"$numberLong":"1115232848926130176"},"tweet_location":"none","created_at":{"$date":{"$numberLong":"1554727205000"}}}
{"_id":{"$oid":"5cb29fb67cd8d208e03c459e"},"tweet_id":{"$numberLong":"1115205840808697857"},"tweet_location":"United States","created_at":{"$date":{"$numberLong":"1554720766000"}}}
{"_id":{"$oid":"5cb29fb67cd8d208e03c459f"},"tweet_id":{"$numberLong":"1115145506534064129"},"tweet_location":"none","created_at":{"$date":{"$numberLong":"1554706381000"}}}
{"_id":{"$oid":"5cb29fb67cd8d208e03c45a0"},"tweet_id":{"$numberLong":"1115139314684440576"},"tweet_location":"none","created_at":{"$date":{"$numberLong":"1554704905000"}}}
{"_id":{"$oid":"5cb29fb67cd8d208e03c45a1"},"tweet_id":{"$numberLong":"1115087356669775872"},"tweet_location":"Indonesia","created_at":{"$date":{"$numberLong":"1554692517000"}}}
{"_id":{"$oid":"5cb29fb67cd8d208e03c45a2"},"tweet_id":{"$numberLong":"1115058753202683904"},"tweet_location":"none","created_at":{"$date":{"$numberLong":"1554685698000"}}}
{"_id":{"$oid":"5cb29fb77cd8d208e03c45a3"},"tweet_id":{"$numberLong":"1116119928128638976"},"tweet_location":"none","created_at":{"$date":{"$numberLong":"1554938702000"}}}
{"_id":{"$oid":"5cb29fb77cd8d208e03c45a4"},"tweet_id":{"$numberLong":"1116039647510126593"},"tweet_location":"none","created_at":{"$date":{"$numberLong":"1554919561000"}}}
{"_id":{"$oid":"5cb29fb77cd8d208e03c45a5"},"tweet_id":{"$numberLong":"1116005678546653187"},"tweet_location":"United States","created_at":{"$date":{"$numberLong":"1554911462000"}}}
{"_id":{"$oid":"5cb29fb77cd8d208e03c45a6"},"tweet_id":{"$numberLong":"1116004374252347393"},"tweet_location":"United States","created_at":{"$date":{"$numberLong":"1554911151000"}}}
{"_id":{"$oid":"5cb29fb77cd8d208e03c45a7"},"tweet_id":{"$numberLong":"1116004373312823299"},"tweet_location":"United States","created_at":{"$date":{"$numberLong":"1554911151000"}}}
{"_id":{"$oid":"5cb29fb77cd8d208e03c45a8"},"tweet_id":{"$numberLong":"1116004370590633986"},"tweet_location":"United States","created_at":{"$date":{"$numberLong":"1554911150000"}}}
{"_id":{"$oid":"5cb29fb77cd8d208e03c45a9"},"tweet_id":{"$numberLong":"1115917339717820416"},"tweet_location":"none","created_at":{"$date":{"$numberLong":"1554890401000"}}}
{"_id":{"$oid":"5cb29fb87cd8d208e03c45aa"},"tweet_id":{"$numberLong":"1115917339441225729"},"tweet_location":"none","created_at":{"$date":{"$numberLong":"1554890401000"}}}
{"_id":{"$oid":"5cb29fb87cd8d208e03c45ab"},"tweet_id":{"$numberLong":"1115906777730768901"},"tweet_location":"none","created_at":{"$date":{"$numberLong":"1554887883000"}}}
{"_id":{"$oid":"5cb29fb87cd8d208e03c45ac"},"tweet_id":{"$numberLong":"1115862990904004609"},"tweet_location":"United States","created_at":{"$date":{"$numberLong":"1554877443000"}}}
{"_id":{"$oid":"5cb29fb87cd8d208e03c45ad"},"tweet_id":{"$numberLong":"1115860288958603264"},"tweet_location":"United States","created_at":{"$date":{"$numberLong":"1554876799000"}}}
{"_id":{"$oid":"5cb29fb87cd8d208e03c45ae"},"tweet_id":{"$numberLong":"1115857630705147904"},"tweet_location":"United States","created_at":{"$date":{"$numberLong":"1554876165000"}}}
{"_id":{"$oid":"5cb29fb97cd8d208e03c45af"},"tweet_id":{"$numberLong":"1115856526097432577"},"tweet_location":"United States","created_at":{"$date":{"$numberLong":"1554875902000"}}}
{"_id":{"$oid":"5cb29fb97cd8d208e03c45b0"},"tweet_id":{"$numberLong":"1115850548719300608"},"tweet_location":"none","created_at":{"$date":{"$numberLong":"1554874476000"}}}
{"_id":{"$oid":"5cb29fb97cd8d208e03c45b1"},"tweet_id":{"$numberLong":"1115838607766503425"},"tweet_location":"none","created_at":{"$date":{"$numberLong":"1554871630000"}}}
{"_id":{"$oid":"5cb29fb97cd8d208e03c45b2"},"tweet_id":{"$numberLong":"1115828482867630080"},"tweet_location":"United States","created_at":{"$date":{"$numberLong":"1554869216000"}}}
{"_id":{"$oid":"5cb29fb97cd8d208e03c45b3"},"tweet_id":{"$numberLong":"1115807681120309253"},"tweet_location":"Cambodia","created_at":{"$date":{"$numberLong":"1554864256000"}}}
