{"_id":{"$oid":"5cb2a1067cd8d208e03c4d87"},"tweet_id":{"$numberLong":"1100820001056010245"},"tweet_location":"Nigeria","created_at":{"$date":{"$numberLong":"1551290915000"}}}
{"_id":{"$oid":"5cb2a1067cd8d208e03c4d88"},"tweet_id":{"$numberLong":"1100806589731295233"},"tweet_location":"United Kingdom","created_at":{"$date":{"$numberLong":"1551287717000"}}}
{"_id":{"$oid":"5cb2a1067cd8d208e03c4d89"},"tweet_id":{"$numberLong":"1100786873541120000"},"tweet_location":"United States","created_at":{"$date":{"$numberLong":"1551283016000"}}}
{"_id":{"$oid":"5cb2a1067cd8d208e03c4d8a"},"tweet_id":{"$numberLong":"1100771441639940096"},"tweet_location":"none","created_at":{"$date":{"$numberLong":"1551279337000"}}}
{"_id":{"$oid":"5cb2a1067cd8d208e03c4d8b"},"tweet_id":{"$numberLong":"1101608678564745218"},"tweet_location":"Brazil","created_at":{"$date":{"$numberLong":"1551478950000"}}}
{"_id":{"$oid":"5cb2a1077cd8d208e03c4d8c"},"tweet_id":{"$numberLong":"1101574347280576512"},"tweet_location":"none","created_at":{"$date":{"$numberLong":"1551470765000"}}}
{"_id":{"$oid":"5cb2a1077cd8d208e03c4d8d"},"tweet_id":{"$numberLong":"1101573910078935041"},"tweet_location":"none","created_at":{"$date":{"$numberLong":"1551470661000"}}}
{"_id":{"$oid":"5cb2a1077cd8d208e03c4d8e"},"tweet_id":{"$numberLong":"1101573686480515072"},"tweet_location":"none","created_at":{"$date":{"$numberLong":"1551470607000"}}}
{"_id":{"$oid":"5cb2a1077cd8d208e03c4d8f"},"tweet_id":{"$numberLong":"1101573511292899330"},"tweet_location":"none","created_at":{"$date":{"$numberLong":"1551470565000"}}}
{"_id":{"$oid":"5cb2a1077cd8d208e03c4d90"},"tweet_id":{"$numberLong":"1101573504158363649"},"tweet_location":"none","created_at":{"$date":{"$numberLong":"1551470564000"}}}
{"_id":{"$oid":"5cb2a1077cd8d208e03c4d91"},"tweet_id":{"$numberLong":"1101573302764691467"},"tweet_location":"none","created_at":{"$date":{"$numberLong":"1551470516000"}}}
{"_id":{"$oid":"5cb2a1087cd8d208e03c4d92"},"tweet_id":{"$numberLong":"1101573276709650432"},"tweet_location":"none","created_at":{"$date":{"$numberLong":"1551470510000"}}}
{"_id":{"$oid":"5cb2a1087cd8d208e03c4d93"},"tweet_id":{"$numberLong":"1101523507471679489"},"tweet_location":"none","created_at":{"$date":{"$numberLong":"1551458644000"}}}
{"_id":{"$oid":"5cb2a1087cd8d208e03c4d94"},"tweet_id":{"$numberLong":"1101467331291688960"},"tweet_location":"none","created_at":{"$date":{"$numberLong":"1551445250000"}}}
{"_id":{"$oid":"5cb2a1087cd8d208e03c4d95"},"tweet_id":{"$numberLong":"1101436981983232001"},"tweet_location":"United Kingdom","created_at":{"$date":{"$numberLong":"1551438014000"}}}
{"_id":{"$oid":"5cb2a1087cd8d208e03c4d96"},"tweet_id":{"$numberLong":"1101433282774949888"},"tweet_location":"none","created_at":{"$date":{"$numberLong":"1551437132000"}}}
{"_id":{"$oid":"5cb2a1087cd8d208e03c4d97"},"tweet_id":{"$numberLong":"1101432707349925889"},"tweet_location":"none","created_at":{"$date":{"$numberLong":"1551436995000"}}}
{"_id":{"$oid":"5cb2a1087cd8d208e03c4d98"},"tweet_id":{"$numberLong":"1102328908039348225"},"tweet_location":"United States","created_at":{"$date":{"$numberLong":"1551650666000"}}}
{"_id":{"$oid":"5cb2a1087cd8d208e03c4d99"},"tweet_id":{"$numberLong":"1102324330074038272"},"tweet_location":"none","created_at":{"$date":{"$numberLong":"1551649575000"}}}
{"_id":{"$oid":"5cb2a1087cd8d208e03c4d9a"},"tweet_id":{"$numberLong":"1102323149541122050"},"tweet_location":"none","created_at":{"$date":{"$numberLong":"1551649293000"}}}
{"_id":{"$oid":"5cb2a1087cd8d208e03c4d9b"},"tweet_id":{"$numberLong":"1102266042494210048"},"tweet_location":"none","created_at":{"$date":{"$numberLong":"1551635678000"}}}
{"_id":{"$oid":"5cb2a1087cd8d208e03c4d9c"},"tweet_id":{"$numberLong":"1102227106845650944"},"tweet_location":"United States","created_at":{"$date":{"$numberLong":"1551626395000"}}}
{"_id":{"$oid":"5cb2a1097cd8d208e03c4d9d"},"tweet_id":{"$numberLong":"1102203273203851264"},"tweet_location":"United Kingdom","created_at":{"$date":{"$numberLong":"1551620712000"}}}
{"_id":{"$oid":"5cb2a1097cd8d208e03c4d9e"},"tweet_id":{"$numberLong":"1102056216560312320"},"tweet_location":"United States","created_at":{"$date":{"$numberLong":"1551585651000"}}}
{"_id":{"$oid":"5cb2a1097cd8d208e03c4d9f"},"tweet_id":{"$numberLong":"1102038805060702209"},"tweet_location":"none","created_at":{"$date":{"$numberLong":"1551581500000"}}}
{"_id":{"$oid":"5cb2a1097cd8d208e03c4da0"},"tweet_id":{"$numberLong":"1102038335483273216"},"tweet_location":"none","created_at":{"$date":{"$numberLong":"1551581388000"}}}
{"_id":{"$oid":"5cb2a1097cd8d208e03c4da1"},"tweet_id":{"$numberLong":"1103004986475188226"},"tweet_location":"none","created_at":{"$date":{"$numberLong":"1551811856000"}}}
{"_id":{"$oid":"5cb2a1097cd8d208e03c4da2"},"tweet_id":{"$numberLong":"1102969117026455552"},"tweet_location":"France","created_at":{"$date":{"$numberLong":"1551803304000"}}}
{"_id":{"$oid":"5cb2a1097cd8d208e03c4da3"},"tweet_id":{"$numberLong":"1102959033248555008"},"tweet_location":"none","created_at":{"$date":{"$numberLong":"1551800900000"}}}
{"_id":{"$oid":"5cb2a1097cd8d208e03c4da4"},"tweet_id":{"$numberLong":"1102944236285186050"},"tweet_location":"United Kingdom","created_at":{"$date":{"$numberLong":"1551797372000"}}}
{"_id":{"$oid":"5cb2a1097cd8d208e03c4da5"},"tweet_id":{"$numberLong":"1102931775578345473"},"tweet_location":"United States","created_at":{"$date":{"$numberLong":"1551794401000"}}}
{"_id":{"$oid":"5cb2a10a7cd8d208e03c4da6"},"tweet_id":{"$numberLong":"1102914888060624896"},"tweet_location":"Venezuela","created_at":{"$date":{"$numberLong":"1551790375000"}}}
{"_id":{"$oid":"5cb2a10a7cd8d208e03c4da7"},"tweet_id":{"$numberLong":"1102900829227503616"},"tweet_location":"Nigeria","created_at":{"$date":{"$numberLong":"1551787023000"}}}
{"_id":{"$oid":"5cb2a10a7cd8d208e03c4da8"},"tweet_id":{"$numberLong":"1102871447582724096"},"tweet_location":"United Kingdom","created_at":{"$date":{"$numberLong":"1551780018000"}}}
{"_id":{"$oid":"5cb2a10a7cd8d208e03c4da9"},"tweet_id":{"$numberLong":"1102852342725206022"},"tweet_location":"United States","created_at":{"$date":{"$numberLong":"1551775463000"}}}
{"_id":{"$oid":"5cb2a10a7cd8d208e03c4daa"},"tweet_id":{"$numberLong":"1102844756252602368"},"tweet_location":"Nigeria","created_at":{"$date":{"$numberLong":"1551773654000"}}}
{"_id":{"$oid":"5cb2a10a7cd8d208e03c4dab"},"tweet_id":{"$numberLong":"1102834234539020288"},"tweet_location":"none","created_at":{"$date":{"$numberLong":"1551771145000"}}}
{"_id":{"$oid":"5cb2a10a7cd8d208e03c4dac"},"tweet_id":{"$numberLong":"1103793904929914880"},"tweet_location":"none","created_at":{"$date":{"$numberLong":"1551999949000"}}}
{"_id":{"$oid":"5cb2a10b7cd8d208e03c4dad"},"tweet_id":{"$numberLong":"1103793723975102465"},"tweet_location":"Australia","created_at":{"$date":{"$numberLong":"1551999905000"}}}
{"_id":{"$oid":"5cb2a10b7cd8d208e03c4dae"},"tweet_id":{"$numberLong":"1103790485695545346"},"tweet_location":"none","created_at":{"$date":{"$numberLong":"1551999133000"}}}
{"_id":{"$oid":"5cb2a10b7cd8d208e03c4daf"},"tweet_id":{"$numberLong":"1103787111826767873"},"tweet_location":"United States","created_at":{"$date":{"$numberLong":"1551998329000"}}}
{"_id":{"$oid":"5cb2a10b7cd8d208e03c4db0"},"tweet_id":{"$numberLong":"1103786819395772418"},"tweet_location":"United States","created_at":{"$date":{"$numberLong":"1551998259000"}}}
{"_id":{"$oid":"5cb2a10b7cd8d208e03c4db1"},"tweet_id":{"$numberLong":"1103764375704346624"},"tweet_location":"United States","created_at":{"$date":{"$numberLong":"1551992908000"}}}
{"_id":{"$oid":"5cb2a10c7cd8d208e03c4db2"},"tweet_id":{"$numberLong":"1103762137330135040"},"tweet_location":"United States","created_at":{"$date":{"$numberLong":"1551992375000"}}}
{"_id":{"$oid":"5cb2a10c7cd8d208e03c4db3"},"tweet_id":{"$numberLong":"1103761279267860485"},"tweet_location":"United States","created_at":{"$date":{"$numberLong":"1551992170000"}}}
{"_id":{"$oid":"5cb2a10c7cd8d208e03c4db4"},"tweet_id":{"$numberLong":"1103756648399552512"},"tweet_location":"none","created_at":{"$date":{"$numberLong":"1551991066000"}}}
{"_id":{"$oid":"5cb2a10c7cd8d208e03c4db5"},"tweet_id":{"$numberLong":"1103687419096850432"},"tweet_location":"none","created_at":{"$date":{"$numberLong":"1551974560000"}}}
{"_id":{"$oid":"5cb2a10c7cd8d208e03c4db6"},"tweet_id":{"$numberLong":"1103674041913802753"},"tweet_location":"none","created_at":{"$date":{"$numberLong":"1551971371000"}}}
{"_id":{"$oid":"5cb2a10c7cd8d208e03c4db7"},"tweet_id":{"$numberLong":"1103660400837562368"},"tweet_location":"United Kingdom","created_at":{"$date":{"$numberLong":"1551968119000"}}}
{"_id":{"$oid":"5cb2a10c7cd8d208e03c4db8"},"tweet_id":{"$numberLong":"1103645282502410241"},"tweet_location":"Nigeria","created_at":{"$date":{"$numberLong":"1551964514000"}}}
{"_id":{"$oid":"5cb2a10c7cd8d208e03c4db9"},"tweet_id":{"$numberLong":"1103593347090993153"},"tweet_location":"none","created_at":{"$date":{"$numberLong":"1551952132000"}}}
{"_id":{"$oid":"5cb2a10c7cd8d208e03c4dba"},"tweet_id":{"$numberLong":"1103496216443146240"},"tweet_location":"none","created_at":{"$date":{"$numberLong":"1551928974000"}}}
{"_id":{"$oid":"5cb2a10d7cd8d208e03c4dbb"},"tweet_id":{"$numberLong":"1104518866980532224"},"tweet_location":"United States","created_at":{"$date":{"$numberLong":"1552172793000"}}}
{"_id":{"$oid":"5cb2a10d7cd8d208e03c4dbc"},"tweet_id":{"$numberLong":"1104477642298982408"},"tweet_location":"none","created_at":{"$date":{"$numberLong":"1552162964000"}}}
{"_id":{"$oid":"5cb2a10d7cd8d208e03c4dbd"},"tweet_id":{"$numberLong":"1104463550683201536"},"tweet_location":"none","created_at":{"$date":{"$numberLong":"1552159605000"}}}
{"_id":{"$oid":"5cb2a10d7cd8d208e03c4dbe"},"tweet_id":{"$numberLong":"1104426673561313281"},"tweet_location":"none","created_at":{"$date":{"$numberLong":"1552150812000"}}}
{"_id":{"$oid":"5cb2a10d7cd8d208e03c4dbf"},"tweet_id":{"$numberLong":"1104400607794868224"},"tweet_location":"none","created_at":{"$date":{"$numberLong":"1552144598000"}}}
{"_id":{"$oid":"5cb2a10e7cd8d208e03c4dc0"},"tweet_id":{"$numberLong":"1104370047353581568"},"tweet_location":"United Kingdom","created_at":{"$date":{"$numberLong":"1552137312000"}}}
{"_id":{"$oid":"5cb2a10e7cd8d208e03c4dc1"},"tweet_id":{"$numberLong":"1104366375844356096"},"tweet_location":"none","created_at":{"$date":{"$numberLong":"1552136436000"}}}
{"_id":{"$oid":"5cb2a10e7cd8d208e03c4dc2"},"tweet_id":{"$numberLong":"1104316591729197056"},"tweet_location":"none","created_at":{"$date":{"$numberLong":"1552124567000"}}}
{"_id":{"$oid":"5cb2a10e7cd8d208e03c4dc3"},"tweet_id":{"$numberLong":"1104222800850636801"},"tweet_location":"none","created_at":{"$date":{"$numberLong":"1552102205000"}}}
{"_id":{"$oid":"5cb2a10e7cd8d208e03c4dc4"},"tweet_id":{"$numberLong":"1105235050004709377"},"tweet_location":"United States","created_at":{"$date":{"$numberLong":"1552343544000"}}}
{"_id":{"$oid":"5cb2a10e7cd8d208e03c4dc5"},"tweet_id":{"$numberLong":"1105227350260764673"},"tweet_location":"none","created_at":{"$date":{"$numberLong":"1552341709000"}}}
{"_id":{"$oid":"5cb2a10e7cd8d208e03c4dc6"},"tweet_id":{"$numberLong":"1105184511602630661"},"tweet_location":"France","created_at":{"$date":{"$numberLong":"1552331495000"}}}
{"_id":{"$oid":"5cb2a10e7cd8d208e03c4dc7"},"tweet_id":{"$numberLong":"1105142479295254533"},"tweet_location":"United Kingdom","created_at":{"$date":{"$numberLong":"1552321474000"}}}
{"_id":{"$oid":"5cb2a10f7cd8d208e03c4dc8"},"tweet_id":{"$numberLong":"1105122068323012613"},"tweet_location":"none","created_at":{"$date":{"$numberLong":"1552316607000"}}}
{"_id":{"$oid":"5cb2a10f7cd8d208e03c4dc9"},"tweet_id":{"$numberLong":"1105086747246030851"},"tweet_location":"none","created_at":{"$date":{"$numberLong":"1552308186000"}}}
{"_id":{"$oid":"5cb2a10f7cd8d208e03c4dca"},"tweet_id":{"$numberLong":"1105031693482647555"},"tweet_location":"Uruguay","created_at":{"$date":{"$numberLong":"1552295060000"}}}
{"_id":{"$oid":"5cb2a10f7cd8d208e03c4dcb"},"tweet_id":{"$numberLong":"1105006558616977409"},"tweet_location":"none","created_at":{"$date":{"$numberLong":"1552289068000"}}}
{"_id":{"$oid":"5cb2a10f7cd8d208e03c4dcc"},"tweet_id":{"$numberLong":"1105830727915061249"},"tweet_location":"none","created_at":{"$date":{"$numberLong":"1552485565000"}}}
{"_id":{"$oid":"5cb2a10f7cd8d208e03c4dcd"},"tweet_id":{"$numberLong":"1105823408032489472"},"tweet_location":"United Kingdom","created_at":{"$date":{"$numberLong":"1552483820000"}}}
{"_id":{"$oid":"5cb2a10f7cd8d208e03c4dce"},"tweet_id":{"$numberLong":"1105786861186887681"},"tweet_location":"Nigeria","created_at":{"$date":{"$numberLong":"1552475106000"}}}
{"_id":{"$oid":"5cb2a1107cd8d208e03c4dcf"},"tweet_id":{"$numberLong":"1105745709431775232"},"tweet_location":"Nigeria","created_at":{"$date":{"$numberLong":"1552465295000"}}}
{"_id":{"$oid":"5cb2a1107cd8d208e03c4dd0"},"tweet_id":{"$numberLong":"1105714680260161536"},"tweet_location":"Nigeria","created_at":{"$date":{"$numberLong":"1552457897000"}}}
{"_id":{"$oid":"5cb2a1107cd8d208e03c4dd1"},"tweet_id":{"$numberLong":"1105714079577055232"},"tweet_location":"none","created_at":{"$date":{"$numberLong":"1552457754000"}}}
{"_id":{"$oid":"5cb2a1107cd8d208e03c4dd2"},"tweet_id":{"$numberLong":"1105682759471775744"},"tweet_location":"United States","created_at":{"$date":{"$numberLong":"1552450287000"}}}
{"_id":{"$oid":"5cb2a1107cd8d208e03c4dd3"},"tweet_id":{"$numberLong":"1105675852862361601"},"tweet_location":"United States","created_at":{"$date":{"$numberLong":"1552448640000"}}}
{"_id":{"$oid":"5cb2a1107cd8d208e03c4dd4"},"tweet_id":{"$numberLong":"1106698996507136001"},"tweet_location":"none","created_at":{"$date":{"$numberLong":"1552692576000"}}}
{"_id":{"$oid":"5cb2a1107cd8d208e03c4dd5"},"tweet_id":{"$numberLong":"1106672050897371137"},"tweet_location":"none","created_at":{"$date":{"$numberLong":"1552686152000"}}}
{"_id":{"$oid":"5cb2a1107cd8d208e03c4dd6"},"tweet_id":{"$numberLong":"1106606672984883201"},"tweet_location":"none","created_at":{"$date":{"$numberLong":"1552670565000"}}}
{"_id":{"$oid":"5cb2a1117cd8d208e03c4dd7"},"tweet_id":{"$numberLong":"1106578374070276096"},"tweet_location":"none","created_at":{"$date":{"$numberLong":"1552663818000"}}}
{"_id":{"$oid":"5cb2a1117cd8d208e03c4dd8"},"tweet_id":{"$numberLong":"1106545551083032577"},"tweet_location":"United Kingdom","created_at":{"$date":{"$numberLong":"1552655992000"}}}
{"_id":{"$oid":"5cb2a1117cd8d208e03c4dd9"},"tweet_id":{"$numberLong":"1106525848130195456"},"tweet_location":"United Kingdom","created_at":{"$date":{"$numberLong":"1552651295000"}}}
{"_id":{"$oid":"5cb2a1117cd8d208e03c4dda"},"tweet_id":{"$numberLong":"1106521723892056065"},"tweet_location":"United Kingdom","created_at":{"$date":{"$numberLong":"1552650311000"}}}
{"_id":{"$oid":"5cb2a1117cd8d208e03c4ddb"},"tweet_id":{"$numberLong":"1106480378456494080"},"tweet_location":"United Kingdom","created_at":{"$date":{"$numberLong":"1552640454000"}}}
{"_id":{"$oid":"5cb2a1127cd8d208e03c4ddc"},"tweet_id":{"$numberLong":"1106415235261521920"},"tweet_location":"Argentina","created_at":{"$date":{"$numberLong":"1552624922000"}}}
{"_id":{"$oid":"5cb2a1127cd8d208e03c4ddd"},"tweet_id":{"$numberLong":"1106378770464817152"},"tweet_location":"United States","created_at":{"$date":{"$numberLong":"1552616229000"}}}
{"_id":{"$oid":"5cb2a1127cd8d208e03c4dde"},"tweet_id":{"$numberLong":"1107399714620743682"},"tweet_location":"United States","created_at":{"$date":{"$numberLong":"1552859641000"}}}
{"_id":{"$oid":"5cb2a1127cd8d208e03c4ddf"},"tweet_id":{"$numberLong":"1107386813734359046"},"tweet_location":"none","created_at":{"$date":{"$numberLong":"1552856565000"}}}
{"_id":{"$oid":"5cb2a1127cd8d208e03c4de0"},"tweet_id":{"$numberLong":"1107385085039439873"},"tweet_location":"United States","created_at":{"$date":{"$numberLong":"1552856153000"}}}
{"_id":{"$oid":"5cb2a1127cd8d208e03c4de1"},"tweet_id":{"$numberLong":"1107353786367004675"},"tweet_location":"Nigeria","created_at":{"$date":{"$numberLong":"1552848690000"}}}
{"_id":{"$oid":"5cb2a1137cd8d208e03c4de2"},"tweet_id":{"$numberLong":"1107335822896816128"},"tweet_location":"United States","created_at":{"$date":{"$numberLong":"1552844408000"}}}
{"_id":{"$oid":"5cb2a1137cd8d208e03c4de3"},"tweet_id":{"$numberLong":"1107317760135041024"},"tweet_location":"none","created_at":{"$date":{"$numberLong":"1552840101000"}}}
{"_id":{"$oid":"5cb2a1137cd8d208e03c4de4"},"tweet_id":{"$numberLong":"1107286411353309185"},"tweet_location":"India","created_at":{"$date":{"$numberLong":"1552832627000"}}}
{"_id":{"$oid":"5cb2a1137cd8d208e03c4de5"},"tweet_id":{"$numberLong":"1107273882069667847"},"tweet_location":"none","created_at":{"$date":{"$numberLong":"1552829640000"}}}
{"_id":{"$oid":"5cb2a1137cd8d208e03c4de6"},"tweet_id":{"$numberLong":"1107265391632531456"},"tweet_location":"United Kingdom","created_at":{"$date":{"$numberLong":"1552827616000"}}}
{"_id":{"$oid":"5cb2a1137cd8d208e03c4de7"},"tweet_id":{"$numberLong":"1107250522833276928"},"tweet_location":"United States","created_at":{"$date":{"$numberLong":"1552824071000"}}}
{"_id":{"$oid":"5cb2a1137cd8d208e03c4de8"},"tweet_id":{"$numberLong":"1107188952937705473"},"tweet_location":"none","created_at":{"$date":{"$numberLong":"1552809391000"}}}
{"_id":{"$oid":"5cb2a1147cd8d208e03c4de9"},"tweet_id":{"$numberLong":"1107152110301274117"},"tweet_location":"Indonesia","created_at":{"$date":{"$numberLong":"1552800607000"}}}
{"_id":{"$oid":"5cb2a1147cd8d208e03c4dea"},"tweet_id":{"$numberLong":"1107109090541486080"},"tweet_location":"none","created_at":{"$date":{"$numberLong":"1552790350000"}}}
{"_id":{"$oid":"5cb2a1147cd8d208e03c4deb"},"tweet_id":{"$numberLong":"1107108805425295360"},"tweet_location":"none","created_at":{"$date":{"$numberLong":"1552790282000"}}}
{"_id":{"$oid":"5cb2a1147cd8d208e03c4dec"},"tweet_id":{"$numberLong":"1108152526707265542"},"tweet_location":"United States","created_at":{"$date":{"$numberLong":"1553039125000"}}}
{"_id":{"$oid":"5cb2a1147cd8d208e03c4ded"},"tweet_id":{"$numberLong":"1108033583292268546"},"tweet_location":"none","created_at":{"$date":{"$numberLong":"1553010767000"}}}
{"_id":{"$oid":"5cb2a1147cd8d208e03c4dee"},"tweet_id":{"$numberLong":"1108012800956354560"},"tweet_location":"United Kingdom","created_at":{"$date":{"$numberLong":"1553005812000"}}}
{"_id":{"$oid":"5cb2a1147cd8d208e03c4def"},"tweet_id":{"$numberLong":"1108005510526222336"},"tweet_location":"Nigeria","created_at":{"$date":{"$numberLong":"1553004074000"}}}
{"_id":{"$oid":"5cb2a1147cd8d208e03c4df0"},"tweet_id":{"$numberLong":"1107986377164115974"},"tweet_location":"United Kingdom","created_at":{"$date":{"$numberLong":"1552999512000"}}}
{"_id":{"$oid":"5cb2a1157cd8d208e03c4df1"},"tweet_id":{"$numberLong":"1107986349091631104"},"tweet_location":"Nigeria","created_at":{"$date":{"$numberLong":"1552999505000"}}}
{"_id":{"$oid":"5cb2a1157cd8d208e03c4df2"},"tweet_id":{"$numberLong":"1107931214776815616"},"tweet_location":"none","created_at":{"$date":{"$numberLong":"1552986360000"}}}
{"_id":{"$oid":"5cb2a1157cd8d208e03c4df3"},"tweet_id":{"$numberLong":"1107901893202841600"},"tweet_location":"Nigeria","created_at":{"$date":{"$numberLong":"1552979369000"}}}
{"_id":{"$oid":"5cb2a1157cd8d208e03c4df4"},"tweet_id":{"$numberLong":"1107899756406337536"},"tweet_location":"Kenya","created_at":{"$date":{"$numberLong":"1552978860000"}}}
{"_id":{"$oid":"5cb2a1157cd8d208e03c4df5"},"tweet_id":{"$numberLong":"1107849625363460096"},"tweet_location":"United States","created_at":{"$date":{"$numberLong":"1552966908000"}}}
{"_id":{"$oid":"5cb2a1167cd8d208e03c4df6"},"tweet_id":{"$numberLong":"1108846873765388288"},"tweet_location":"Japan","created_at":{"$date":{"$numberLong":"1553204670000"}}}
{"_id":{"$oid":"5cb2a1167cd8d208e03c4df7"},"tweet_id":{"$numberLong":"1108768581653798914"},"tweet_location":"India","created_at":{"$date":{"$numberLong":"1553186004000"}}}
{"_id":{"$oid":"5cb2a1167cd8d208e03c4df8"},"tweet_id":{"$numberLong":"1108759408467738625"},"tweet_location":"none","created_at":{"$date":{"$numberLong":"1553183817000"}}}
{"_id":{"$oid":"5cb2a1167cd8d208e03c4df9"},"tweet_id":{"$numberLong":"1108714957267443712"},"tweet_location":"United Kingdom","created_at":{"$date":{"$numberLong":"1553173219000"}}}
{"_id":{"$oid":"5cb2a1167cd8d208e03c4dfa"},"tweet_id":{"$numberLong":"1108632746237276162"},"tweet_location":"India","created_at":{"$date":{"$numberLong":"1553153618000"}}}
{"_id":{"$oid":"5cb2a1167cd8d208e03c4dfb"},"tweet_id":{"$numberLong":"1108594703920816128"},"tweet_location":"United States","created_at":{"$date":{"$numberLong":"1553144548000"}}}
{"_id":{"$oid":"5cb2a1177cd8d208e03c4dfc"},"tweet_id":{"$numberLong":"1109519774164217856"},"tweet_location":"United States","created_at":{"$date":{"$numberLong":"1553365102000"}}}
{"_id":{"$oid":"5cb2a1177cd8d208e03c4dfd"},"tweet_id":{"$numberLong":"1109518688661598208"},"tweet_location":"India","created_at":{"$date":{"$numberLong":"1553364843000"}}}
{"_id":{"$oid":"5cb2a1177cd8d208e03c4dfe"},"tweet_id":{"$numberLong":"1109514727154057216"},"tweet_location":"Nepal","created_at":{"$date":{"$numberLong":"1553363899000"}}}
{"_id":{"$oid":"5cb2a1177cd8d208e03c4dff"},"tweet_id":{"$numberLong":"1109511537113198592"},"tweet_location":"none","created_at":{"$date":{"$numberLong":"1553363138000"}}}
{"_id":{"$oid":"5cb2a1177cd8d208e03c4e00"},"tweet_id":{"$numberLong":"1109510892759076865"},"tweet_location":"United States","created_at":{"$date":{"$numberLong":"1553362985000"}}}
{"_id":{"$oid":"5cb2a1177cd8d208e03c4e01"},"tweet_id":{"$numberLong":"1109510504760803328"},"tweet_location":"none","created_at":{"$date":{"$numberLong":"1553362892000"}}}
{"_id":{"$oid":"5cb2a1187cd8d208e03c4e02"},"tweet_id":{"$numberLong":"1109509434072539137"},"tweet_location":"United States","created_at":{"$date":{"$numberLong":"1553362637000"}}}
{"_id":{"$oid":"5cb2a1187cd8d208e03c4e03"},"tweet_id":{"$numberLong":"1109509187640262656"},"tweet_location":"none","created_at":{"$date":{"$numberLong":"1553362578000"}}}
{"_id":{"$oid":"5cb2a1187cd8d208e03c4e04"},"tweet_id":{"$numberLong":"1109499733767131136"},"tweet_location":"India","created_at":{"$date":{"$numberLong":"1553360324000"}}}
{"_id":{"$oid":"5cb2a1187cd8d208e03c4e05"},"tweet_id":{"$numberLong":"1109498026123505665"},"tweet_location":"United States","created_at":{"$date":{"$numberLong":"1553359917000"}}}
{"_id":{"$oid":"5cb2a1187cd8d208e03c4e06"},"tweet_id":{"$numberLong":"1109496225944883200"},"tweet_location":"none","created_at":{"$date":{"$numberLong":"1553359488000"}}}
{"_id":{"$oid":"5cb2a1187cd8d208e03c4e07"},"tweet_id":{"$numberLong":"1109495193949143040"},"tweet_location":"none","created_at":{"$date":{"$numberLong":"1553359242000"}}}
{"_id":{"$oid":"5cb2a1187cd8d208e03c4e08"},"tweet_id":{"$numberLong":"1109486199821889538"},"tweet_location":"United States","created_at":{"$date":{"$numberLong":"1553357097000"}}}
{"_id":{"$oid":"5cb2a1187cd8d208e03c4e09"},"tweet_id":{"$numberLong":"1109485102671777793"},"tweet_location":"none","created_at":{"$date":{"$numberLong":"1553356836000"}}}
{"_id":{"$oid":"5cb2a1187cd8d208e03c4e0a"},"tweet_id":{"$numberLong":"1109479074299146240"},"tweet_location":"none","created_at":{"$date":{"$numberLong":"1553355399000"}}}
{"_id":{"$oid":"5cb2a1197cd8d208e03c4e0b"},"tweet_id":{"$numberLong":"1109476871471841281"},"tweet_location":"Pakistan","created_at":{"$date":{"$numberLong":"1553354873000"}}}
{"_id":{"$oid":"5cb2a1197cd8d208e03c4e0c"},"tweet_id":{"$numberLong":"1109476673827688450"},"tweet_location":"United States","created_at":{"$date":{"$numberLong":"1553354826000"}}}
{"_id":{"$oid":"5cb2a1197cd8d208e03c4e0d"},"tweet_id":{"$numberLong":"1109475310645342208"},"tweet_location":"none","created_at":{"$date":{"$numberLong":"1553354501000"}}}
{"_id":{"$oid":"5cb2a1197cd8d208e03c4e0e"},"tweet_id":{"$numberLong":"1109475211177586689"},"tweet_location":"India","created_at":{"$date":{"$numberLong":"1553354478000"}}}
{"_id":{"$oid":"5cb2a1197cd8d208e03c4e0f"},"tweet_id":{"$numberLong":"1109475155204628480"},"tweet_location":"none","created_at":{"$date":{"$numberLong":"1553354464000"}}}
{"_id":{"$oid":"5cb2a1197cd8d208e03c4e10"},"tweet_id":{"$numberLong":"1109475128281165827"},"tweet_location":"none","created_at":{"$date":{"$numberLong":"1553354458000"}}}
{"_id":{"$oid":"5cb2a1197cd8d208e03c4e11"},"tweet_id":{"$numberLong":"1109475082798141440"},"tweet_location":"United States","created_at":{"$date":{"$numberLong":"1553354447000"}}}
{"_id":{"$oid":"5cb2a1197cd8d208e03c4e12"},"tweet_id":{"$numberLong":"1109470829463650306"},"tweet_location":"none","created_at":{"$date":{"$numberLong":"1553353433000"}}}
{"_id":{"$oid":"5cb2a11a7cd8d208e03c4e13"},"tweet_id":{"$numberLong":"1109463606460973056"},"tweet_location":"none","created_at":{"$date":{"$numberLong":"1553351711000"}}}
{"_id":{"$oid":"5cb2a11a7cd8d208e03c4e14"},"tweet_id":{"$numberLong":"1109460047459868674"},"tweet_location":"United States","created_at":{"$date":{"$numberLong":"1553350862000"}}}
{"_id":{"$oid":"5cb2a11a7cd8d208e03c4e15"},"tweet_id":{"$numberLong":"1109459150940131335"},"tweet_location":"India","created_at":{"$date":{"$numberLong":"1553350648000"}}}
{"_id":{"$oid":"5cb2a11a7cd8d208e03c4e16"},"tweet_id":{"$numberLong":"1109458976746471431"},"tweet_location":"India","created_at":{"$date":{"$numberLong":"1553350607000"}}}
{"_id":{"$oid":"5cb2a11a7cd8d208e03c4e17"},"tweet_id":{"$numberLong":"1109444681304342529"},"tweet_location":"none","created_at":{"$date":{"$numberLong":"1553347199000"}}}
{"_id":{"$oid":"5cb2a11a7cd8d208e03c4e18"},"tweet_id":{"$numberLong":"1109444222044639234"},"tweet_location":"none","created_at":{"$date":{"$numberLong":"1553347089000"}}}
{"_id":{"$oid":"5cb2a11a7cd8d208e03c4e19"},"tweet_id":{"$numberLong":"1109434664043732999"},"tweet_location":"United States","created_at":{"$date":{"$numberLong":"1553344810000"}}}
{"_id":{"$oid":"5cb2a11b7cd8d208e03c4e1a"},"tweet_id":{"$numberLong":"1109432129719549952"},"tweet_location":"United States","created_at":{"$date":{"$numberLong":"1553344206000"}}}
{"_id":{"$oid":"5cb2a11b7cd8d208e03c4e1b"},"tweet_id":{"$numberLong":"1109430544805384192"},"tweet_location":"United States","created_at":{"$date":{"$numberLong":"1553343828000"}}}
{"_id":{"$oid":"5cb2a11b7cd8d208e03c4e1c"},"tweet_id":{"$numberLong":"1109401950062342145"},"tweet_location":"United Kingdom","created_at":{"$date":{"$numberLong":"1553337011000"}}}
{"_id":{"$oid":"5cb2a11b7cd8d208e03c4e1d"},"tweet_id":{"$numberLong":"1109394656939261957"},"tweet_location":"United States","created_at":{"$date":{"$numberLong":"1553335272000"}}}
{"_id":{"$oid":"5cb2a11b7cd8d208e03c4e1e"},"tweet_id":{"$numberLong":"1109366072208023554"},"tweet_location":"none","created_at":{"$date":{"$numberLong":"1553328457000"}}}
{"_id":{"$oid":"5cb2a11b7cd8d208e03c4e1f"},"tweet_id":{"$numberLong":"1109363666149957632"},"tweet_location":"Malaysia","created_at":{"$date":{"$numberLong":"1553327883000"}}}
{"_id":{"$oid":"5cb2a11b7cd8d208e03c4e20"},"tweet_id":{"$numberLong":"1109345136398336000"},"tweet_location":"Pakistan","created_at":{"$date":{"$numberLong":"1553323465000"}}}
{"_id":{"$oid":"5cb2a11b7cd8d208e03c4e21"},"tweet_id":{"$numberLong":"1109325853844856834"},"tweet_location":"none","created_at":{"$date":{"$numberLong":"1553318868000"}}}
{"_id":{"$oid":"5cb2a11c7cd8d208e03c4e22"},"tweet_id":{"$numberLong":"1109304301791240192"},"tweet_location":"none","created_at":{"$date":{"$numberLong":"1553313730000"}}}
{"_id":{"$oid":"5cb2a11c7cd8d208e03c4e23"},"tweet_id":{"$numberLong":"1109303000634253312"},"tweet_location":"United States","created_at":{"$date":{"$numberLong":"1553313419000"}}}
{"_id":{"$oid":"5cb2a11c7cd8d208e03c4e24"},"tweet_id":{"$numberLong":"1109296646892875776"},"tweet_location":"United States","created_at":{"$date":{"$numberLong":"1553311905000"}}}
{"_id":{"$oid":"5cb2a11c7cd8d208e03c4e25"},"tweet_id":{"$numberLong":"1109289676827852800"},"tweet_location":"United States","created_at":{"$date":{"$numberLong":"1553310243000"}}}
{"_id":{"$oid":"5cb2a11c7cd8d208e03c4e26"},"tweet_id":{"$numberLong":"1109254837345095680"},"tweet_location":"United States","created_at":{"$date":{"$numberLong":"1553301936000"}}}
{"_id":{"$oid":"5cb2a11c7cd8d208e03c4e27"},"tweet_id":{"$numberLong":"1110308344957464576"},"tweet_location":"United States","created_at":{"$date":{"$numberLong":"1553553112000"}}}
{"_id":{"$oid":"5cb2a11d7cd8d208e03c4e28"},"tweet_id":{"$numberLong":"1110257551621398530"},"tweet_location":"United States","created_at":{"$date":{"$numberLong":"1553541002000"}}}
{"_id":{"$oid":"5cb2a11d7cd8d208e03c4e29"},"tweet_id":{"$numberLong":"1110255403516846080"},"tweet_location":"none","created_at":{"$date":{"$numberLong":"1553540490000"}}}
{"_id":{"$oid":"5cb2a11d7cd8d208e03c4e2a"},"tweet_id":{"$numberLong":"1110228833842528259"},"tweet_location":"none","created_at":{"$date":{"$numberLong":"1553534155000"}}}
{"_id":{"$oid":"5cb2a11d7cd8d208e03c4e2b"},"tweet_id":{"$numberLong":"1110227133018845185"},"tweet_location":"United Arab Emirates","created_at":{"$date":{"$numberLong":"1553533750000"}}}
{"_id":{"$oid":"5cb2a11d7cd8d208e03c4e2c"},"tweet_id":{"$numberLong":"1110227066774081538"},"tweet_location":"Switzerland","created_at":{"$date":{"$numberLong":"1553533734000"}}}
{"_id":{"$oid":"5cb2a11d7cd8d208e03c4e2d"},"tweet_id":{"$numberLong":"1110214601126350848"},"tweet_location":"United Kingdom","created_at":{"$date":{"$numberLong":"1553530762000"}}}
{"_id":{"$oid":"5cb2a11e7cd8d208e03c4e2e"},"tweet_id":{"$numberLong":"1110202319671623681"},"tweet_location":"Nigeria","created_at":{"$date":{"$numberLong":"1553527834000"}}}
{"_id":{"$oid":"5cb2a11e7cd8d208e03c4e2f"},"tweet_id":{"$numberLong":"1110184608774189056"},"tweet_location":"Portugal","created_at":{"$date":{"$numberLong":"1553523611000"}}}
{"_id":{"$oid":"5cb2a11e7cd8d208e03c4e30"},"tweet_id":{"$numberLong":"1110148907223310337"},"tweet_location":"none","created_at":{"$date":{"$numberLong":"1553515099000"}}}
{"_id":{"$oid":"5cb2a11e7cd8d208e03c4e31"},"tweet_id":{"$numberLong":"1110136405508927488"},"tweet_location":"India","created_at":{"$date":{"$numberLong":"1553512119000"}}}
{"_id":{"$oid":"5cb2a11e7cd8d208e03c4e32"},"tweet_id":{"$numberLong":"1110134296273174530"},"tweet_location":"United Kingdom","created_at":{"$date":{"$numberLong":"1553511616000"}}}
{"_id":{"$oid":"5cb2a11e7cd8d208e03c4e33"},"tweet_id":{"$numberLong":"1110037333867323392"},"tweet_location":"India","created_at":{"$date":{"$numberLong":"1553488498000"}}}
{"_id":{"$oid":"5cb2a11e7cd8d208e03c4e34"},"tweet_id":{"$numberLong":"1109987539992174592"},"tweet_location":"none","created_at":{"$date":{"$numberLong":"1553476626000"}}}
{"_id":{"$oid":"5cb2a11e7cd8d208e03c4e35"},"tweet_id":{"$numberLong":"1110968233962717192"},"tweet_location":"none","created_at":{"$date":{"$numberLong":"1553710442000"}}}
{"_id":{"$oid":"5cb2a11f7cd8d208e03c4e36"},"tweet_id":{"$numberLong":"1110950544636407808"},"tweet_location":"none","created_at":{"$date":{"$numberLong":"1553706224000"}}}
{"_id":{"$oid":"5cb2a11f7cd8d208e03c4e37"},"tweet_id":{"$numberLong":"1110941372763262976"},"tweet_location":"United Kingdom","created_at":{"$date":{"$numberLong":"1553704038000"}}}
{"_id":{"$oid":"5cb2a11f7cd8d208e03c4e38"},"tweet_id":{"$numberLong":"1110938140229988352"},"tweet_location":"none","created_at":{"$date":{"$numberLong":"1553703267000"}}}
{"_id":{"$oid":"5cb2a11f7cd8d208e03c4e39"},"tweet_id":{"$numberLong":"1110935171774193665"},"tweet_location":"none","created_at":{"$date":{"$numberLong":"1553702559000"}}}
{"_id":{"$oid":"5cb2a11f7cd8d208e03c4e3a"},"tweet_id":{"$numberLong":"1110924219943129095"},"tweet_location":"Kenya","created_at":{"$date":{"$numberLong":"1553699948000"}}}
{"_id":{"$oid":"5cb2a11f7cd8d208e03c4e3b"},"tweet_id":{"$numberLong":"1110922515138969610"},"tweet_location":"France","created_at":{"$date":{"$numberLong":"1553699542000"}}}
{"_id":{"$oid":"5cb2a1207cd8d208e03c4e3c"},"tweet_id":{"$numberLong":"1110866602713600000"},"tweet_location":"United Kingdom","created_at":{"$date":{"$numberLong":"1553686211000"}}}
{"_id":{"$oid":"5cb2a1207cd8d208e03c4e3d"},"tweet_id":{"$numberLong":"1110822529009111041"},"tweet_location":"Nigeria","created_at":{"$date":{"$numberLong":"1553675703000"}}}
{"_id":{"$oid":"5cb2a1207cd8d208e03c4e3e"},"tweet_id":{"$numberLong":"1111702485390028814"},"tweet_location":"none","created_at":{"$date":{"$numberLong":"1553885501000"}}}
{"_id":{"$oid":"5cb2a1207cd8d208e03c4e3f"},"tweet_id":{"$numberLong":"1111675078830444544"},"tweet_location":"none","created_at":{"$date":{"$numberLong":"1553878967000"}}}
{"_id":{"$oid":"5cb2a1207cd8d208e03c4e40"},"tweet_id":{"$numberLong":"1111665471722418176"},"tweet_location":"United States","created_at":{"$date":{"$numberLong":"1553876676000"}}}
{"_id":{"$oid":"5cb2a1207cd8d208e03c4e41"},"tweet_id":{"$numberLong":"1111629142167035905"},"tweet_location":"United Kingdom","created_at":{"$date":{"$numberLong":"1553868015000"}}}
{"_id":{"$oid":"5cb2a1207cd8d208e03c4e42"},"tweet_id":{"$numberLong":"1111553814040117248"},"tweet_location":"United Kingdom","created_at":{"$date":{"$numberLong":"1553850055000"}}}
{"_id":{"$oid":"5cb2a1217cd8d208e03c4e43"},"tweet_id":{"$numberLong":"1111531818740781061"},"tweet_location":"none","created_at":{"$date":{"$numberLong":"1553844811000"}}}
{"_id":{"$oid":"5cb2a1217cd8d208e03c4e44"},"tweet_id":{"$numberLong":"1111514784153960448"},"tweet_location":"none","created_at":{"$date":{"$numberLong":"1553840750000"}}}
{"_id":{"$oid":"5cb2a1217cd8d208e03c4e45"},"tweet_id":{"$numberLong":"1112494306378555394"},"tweet_location":"United States","created_at":{"$date":{"$numberLong":"1554074286000"}}}
{"_id":{"$oid":"5cb2a1217cd8d208e03c4e46"},"tweet_id":{"$numberLong":"1112439935573749760"},"tweet_location":"none","created_at":{"$date":{"$numberLong":"1554061323000"}}}
{"_id":{"$oid":"5cb2a1217cd8d208e03c4e47"},"tweet_id":{"$numberLong":"1112425506039832577"},"tweet_location":"United States","created_at":{"$date":{"$numberLong":"1554057883000"}}}
{"_id":{"$oid":"5cb2a1217cd8d208e03c4e48"},"tweet_id":{"$numberLong":"1112421691949350912"},"tweet_location":"United States","created_at":{"$date":{"$numberLong":"1554056973000"}}}
{"_id":{"$oid":"5cb2a1217cd8d208e03c4e49"},"tweet_id":{"$numberLong":"1112404404202848256"},"tweet_location":"none","created_at":{"$date":{"$numberLong":"1554052852000"}}}
{"_id":{"$oid":"5cb2a1217cd8d208e03c4e4a"},"tweet_id":{"$numberLong":"1112389580592943106"},"tweet_location":"United States","created_at":{"$date":{"$numberLong":"1554049317000"}}}
{"_id":{"$oid":"5cb2a1217cd8d208e03c4e4b"},"tweet_id":{"$numberLong":"1112365146318364672"},"tweet_location":"none","created_at":{"$date":{"$numberLong":"1554043492000"}}}
{"_id":{"$oid":"5cb2a1217cd8d208e03c4e4c"},"tweet_id":{"$numberLong":"1112358862307287042"},"tweet_location":"none","created_at":{"$date":{"$numberLong":"1554041994000"}}}
{"_id":{"$oid":"5cb2a1227cd8d208e03c4e4d"},"tweet_id":{"$numberLong":"1112357677747847169"},"tweet_location":"United Kingdom","created_at":{"$date":{"$numberLong":"1554041711000"}}}
{"_id":{"$oid":"5cb2a1227cd8d208e03c4e4e"},"tweet_id":{"$numberLong":"1112318915521245184"},"tweet_location":"none","created_at":{"$date":{"$numberLong":"1554032470000"}}}
{"_id":{"$oid":"5cb2a1227cd8d208e03c4e4f"},"tweet_id":{"$numberLong":"1113214428969717760"},"tweet_location":"none","created_at":{"$date":{"$numberLong":"1554245977000"}}}
{"_id":{"$oid":"5cb2a1227cd8d208e03c4e50"},"tweet_id":{"$numberLong":"1113153216794046464"},"tweet_location":"United States","created_at":{"$date":{"$numberLong":"1554231382000"}}}
{"_id":{"$oid":"5cb2a1227cd8d208e03c4e51"},"tweet_id":{"$numberLong":"1113152735690420225"},"tweet_location":"none","created_at":{"$date":{"$numberLong":"1554231268000"}}}
{"_id":{"$oid":"5cb2a1227cd8d208e03c4e52"},"tweet_id":{"$numberLong":"1113149782166507522"},"tweet_location":"none","created_at":{"$date":{"$numberLong":"1554230564000"}}}
{"_id":{"$oid":"5cb2a1237cd8d208e03c4e53"},"tweet_id":{"$numberLong":"1113066075447595009"},"tweet_location":"Nigeria","created_at":{"$date":{"$numberLong":"1554210606000"}}}
{"_id":{"$oid":"5cb2a1237cd8d208e03c4e54"},"tweet_id":{"$numberLong":"1113059805382402049"},"tweet_location":"United Kingdom","created_at":{"$date":{"$numberLong":"1554209111000"}}}
{"_id":{"$oid":"5cb2a1237cd8d208e03c4e55"},"tweet_id":{"$numberLong":"1113058549943304195"},"tweet_location":"none","created_at":{"$date":{"$numberLong":"1554208812000"}}}
{"_id":{"$oid":"5cb2a1237cd8d208e03c4e56"},"tweet_id":{"$numberLong":"1113049095852224512"},"tweet_location":"none","created_at":{"$date":{"$numberLong":"1554206558000"}}}
{"_id":{"$oid":"5cb2a1237cd8d208e03c4e57"},"tweet_id":{"$numberLong":"1113017440059973634"},"tweet_location":"United Kingdom","created_at":{"$date":{"$numberLong":"1554199011000"}}}
{"_id":{"$oid":"5cb2a1237cd8d208e03c4e58"},"tweet_id":{"$numberLong":"1113012455595274241"},"tweet_location":"Nigeria","created_at":{"$date":{"$numberLong":"1554197822000"}}}
{"_id":{"$oid":"5cb2a1237cd8d208e03c4e59"},"tweet_id":{"$numberLong":"1113012096302829568"},"tweet_location":"Nigeria","created_at":{"$date":{"$numberLong":"1554197737000"}}}
{"_id":{"$oid":"5cb2a1237cd8d208e03c4e5a"},"tweet_id":{"$numberLong":"1113009963784396802"},"tweet_location":"Nigeria","created_at":{"$date":{"$numberLong":"1554197228000"}}}
{"_id":{"$oid":"5cb2a1247cd8d208e03c4e5b"},"tweet_id":{"$numberLong":"1113008021825880065"},"tweet_location":"Nigeria","created_at":{"$date":{"$numberLong":"1554196765000"}}}
{"_id":{"$oid":"5cb2a1247cd8d208e03c4e5c"},"tweet_id":{"$numberLong":"1112977984963731456"},"tweet_location":"Nigeria","created_at":{"$date":{"$numberLong":"1554189604000"}}}
{"_id":{"$oid":"5cb2a1247cd8d208e03c4e5d"},"tweet_id":{"$numberLong":"1113900962496765952"},"tweet_location":"Australia","created_at":{"$date":{"$numberLong":"1554409659000"}}}
{"_id":{"$oid":"5cb2a1247cd8d208e03c4e5e"},"tweet_id":{"$numberLong":"1113877223310864385"},"tweet_location":"France","created_at":{"$date":{"$numberLong":"1554403999000"}}}
{"_id":{"$oid":"5cb2a1247cd8d208e03c4e5f"},"tweet_id":{"$numberLong":"1113823793934479362"},"tweet_location":"none","created_at":{"$date":{"$numberLong":"1554391260000"}}}
{"_id":{"$oid":"5cb2a1247cd8d208e03c4e60"},"tweet_id":{"$numberLong":"1113814231781126145"},"tweet_location":"none","created_at":{"$date":{"$numberLong":"1554388981000"}}}
{"_id":{"$oid":"5cb2a1257cd8d208e03c4e61"},"tweet_id":{"$numberLong":"1113800352300716032"},"tweet_location":"none","created_at":{"$date":{"$numberLong":"1554385672000"}}}
{"_id":{"$oid":"5cb2a1257cd8d208e03c4e62"},"tweet_id":{"$numberLong":"1113765797434994689"},"tweet_location":"none","created_at":{"$date":{"$numberLong":"1554377433000"}}}
{"_id":{"$oid":"5cb2a1257cd8d208e03c4e63"},"tweet_id":{"$numberLong":"1113750606810894337"},"tweet_location":"United Kingdom","created_at":{"$date":{"$numberLong":"1554373811000"}}}
{"_id":{"$oid":"5cb2a1257cd8d208e03c4e64"},"tweet_id":{"$numberLong":"1113743232658280448"},"tweet_location":"United Kingdom","created_at":{"$date":{"$numberLong":"1554372053000"}}}
{"_id":{"$oid":"5cb2a1257cd8d208e03c4e65"},"tweet_id":{"$numberLong":"1113719567472193543"},"tweet_location":"India","created_at":{"$date":{"$numberLong":"1554366411000"}}}
{"_id":{"$oid":"5cb2a1267cd8d208e03c4e66"},"tweet_id":{"$numberLong":"1114662474551140352"},"tweet_location":"United States","created_at":{"$date":{"$numberLong":"1554591218000"}}}
{"_id":{"$oid":"5cb2a1267cd8d208e03c4e67"},"tweet_id":{"$numberLong":"1114626937392070657"},"tweet_location":"Norway","created_at":{"$date":{"$numberLong":"1554582745000"}}}
{"_id":{"$oid":"5cb2a1267cd8d208e03c4e68"},"tweet_id":{"$numberLong":"1114573501359374336"},"tweet_location":"none","created_at":{"$date":{"$numberLong":"1554570005000"}}}
{"_id":{"$oid":"5cb2a1267cd8d208e03c4e69"},"tweet_id":{"$numberLong":"1114539674612195328"},"tweet_location":"none","created_at":{"$date":{"$numberLong":"1554561940000"}}}
{"_id":{"$oid":"5cb2a1267cd8d208e03c4e6a"},"tweet_id":{"$numberLong":"1114530902732869632"},"tweet_location":"United Kingdom","created_at":{"$date":{"$numberLong":"1554559848000"}}}
{"_id":{"$oid":"5cb2a1267cd8d208e03c4e6b"},"tweet_id":{"$numberLong":"1114515464447639553"},"tweet_location":"United States","created_at":{"$date":{"$numberLong":"1554556168000"}}}
{"_id":{"$oid":"5cb2a1267cd8d208e03c4e6c"},"tweet_id":{"$numberLong":"1114475381967523840"},"tweet_location":"United Kingdom","created_at":{"$date":{"$numberLong":"1554546611000"}}}
{"_id":{"$oid":"5cb2a1277cd8d208e03c4e6d"},"tweet_id":{"$numberLong":"1115345820461801473"},"tweet_location":"none","created_at":{"$date":{"$numberLong":"1554754140000"}}}
{"_id":{"$oid":"5cb2a1277cd8d208e03c4e6e"},"tweet_id":{"$numberLong":"1115340596435144705"},"tweet_location":"none","created_at":{"$date":{"$numberLong":"1554752894000"}}}
{"_id":{"$oid":"5cb2a1277cd8d208e03c4e6f"},"tweet_id":{"$numberLong":"1115306716659355648"},"tweet_location":"none","created_at":{"$date":{"$numberLong":"1554744817000"}}}
{"_id":{"$oid":"5cb2a1277cd8d208e03c4e70"},"tweet_id":{"$numberLong":"1115253018704916486"},"tweet_location":"United Kingdom","created_at":{"$date":{"$numberLong":"1554732014000"}}}
{"_id":{"$oid":"5cb2a1277cd8d208e03c4e71"},"tweet_id":{"$numberLong":"1115223181743333377"},"tweet_location":"United States","created_at":{"$date":{"$numberLong":"1554724901000"}}}
{"_id":{"$oid":"5cb2a1287cd8d208e03c4e72"},"tweet_id":{"$numberLong":"1115217546003800066"},"tweet_location":"none","created_at":{"$date":{"$numberLong":"1554723557000"}}}
{"_id":{"$oid":"5cb2a1287cd8d208e03c4e73"},"tweet_id":{"$numberLong":"1115207659416735744"},"tweet_location":"United Kingdom","created_at":{"$date":{"$numberLong":"1554721200000"}}}
{"_id":{"$oid":"5cb2a1287cd8d208e03c4e74"},"tweet_id":{"$numberLong":"1115204231982718976"},"tweet_location":"none","created_at":{"$date":{"$numberLong":"1554720383000"}}}
{"_id":{"$oid":"5cb2a1287cd8d208e03c4e75"},"tweet_id":{"$numberLong":"1115185058615386112"},"tweet_location":"United Kingdom","created_at":{"$date":{"$numberLong":"1554715811000"}}}
{"_id":{"$oid":"5cb2a1287cd8d208e03c4e76"},"tweet_id":{"$numberLong":"1115162572670554112"},"tweet_location":"United Kingdom","created_at":{"$date":{"$numberLong":"1554710450000"}}}
{"_id":{"$oid":"5cb2a1287cd8d208e03c4e77"},"tweet_id":{"$numberLong":"1115139377036967937"},"tweet_location":"none","created_at":{"$date":{"$numberLong":"1554704920000"}}}
{"_id":{"$oid":"5cb2a1297cd8d208e03c4e78"},"tweet_id":{"$numberLong":"1115138781642776576"},"tweet_location":"United States","created_at":{"$date":{"$numberLong":"1554704778000"}}}
{"_id":{"$oid":"5cb2a1297cd8d208e03c4e79"},"tweet_id":{"$numberLong":"1115082677449715712"},"tweet_location":"none","created_at":{"$date":{"$numberLong":"1554691402000"}}}
{"_id":{"$oid":"5cb2a1297cd8d208e03c4e7a"},"tweet_id":{"$numberLong":"1115080046887280640"},"tweet_location":"none","created_at":{"$date":{"$numberLong":"1554690775000"}}}
{"_id":{"$oid":"5cb2a1297cd8d208e03c4e7b"},"tweet_id":{"$numberLong":"1115067741558444037"},"tweet_location":"United States","created_at":{"$date":{"$numberLong":"1554687841000"}}}
{"_id":{"$oid":"5cb2a1297cd8d208e03c4e7c"},"tweet_id":{"$numberLong":"1116111848317698049"},"tweet_location":"none","created_at":{"$date":{"$numberLong":"1554936775000"}}}
{"_id":{"$oid":"5cb2a1297cd8d208e03c4e7d"},"tweet_id":{"$numberLong":"1116049186850525184"},"tweet_location":"United States","created_at":{"$date":{"$numberLong":"1554921835000"}}}
{"_id":{"$oid":"5cb2a1297cd8d208e03c4e7e"},"tweet_id":{"$numberLong":"1115992898707656707"},"tweet_location":"United Kingdom","created_at":{"$date":{"$numberLong":"1554908415000"}}}
{"_id":{"$oid":"5cb2a1297cd8d208e03c4e7f"},"tweet_id":{"$numberLong":"1115975225018081283"},"tweet_location":"none","created_at":{"$date":{"$numberLong":"1554904202000"}}}
{"_id":{"$oid":"5cb2a1297cd8d208e03c4e80"},"tweet_id":{"$numberLong":"1115972975306653697"},"tweet_location":"none","created_at":{"$date":{"$numberLong":"1554903665000"}}}
{"_id":{"$oid":"5cb2a12a7cd8d208e03c4e81"},"tweet_id":{"$numberLong":"1115942213312241665"},"tweet_location":"none","created_at":{"$date":{"$numberLong":"1554896331000"}}}
